czas;1.csv - abs;5.csv - abs;3.csv - abs;| || |;1.csv - delta;5.csv - delta;3.csv - delta
0;-0.0006;-0.0003;-0.0;| || |;0.0;0.0;0.0
1;-0.0003;-0.0;0.0003;| || |;0.0003;0.0003;0.0003
2;-0.0003;-0.0;-0.0;| || |;0.0;0.0;-0.0003
3;-0.0003;-0.0;-0.0;| || |;0.0;0.0;0.0
4;-0.0003;-0.0;-0.0;| || |;0.0;0.0;0.0
5;-0.0003;-0.0;-0.0;| || |;0.0;0.0;0.0
6;-0.0003;-0.0003;-0.0;| || |;0.0;-0.0003;0.0
7;-0.0;-0.0;-0.0;| || |;0.0003;0.0003;0.0
8;-0.0003;-0.0003;-0.0003;| || |;-0.0003;-0.0003;-0.0003
9;-0.0003;-0.0003;-0.0003;| || |;0.0;0.0;0.0
10;-0.0003;-0.0;-0.0003;| || |;0.0;0.0003;0.0
11;-0.0003;0.0003;-0.0;| || |;0.0;0.0003;0.0003
12;-0.0003;-0.0;-0.0;| || |;0.0;-0.0003;0.0
13;-0.0003;-0.0;-0.0;| || |;0.0;0.0;0.0
14;-0.0003;-0.0;-0.0;| || |;0.0;0.0;0.0
15;-0.0003;-0.0;-0.0;| || |;0.0;0.0;0.0
16;-0.0003;-0.0;-0.0003;| || |;0.0;0.0;-0.0003
17;-0.0003;-0.0;-0.0;| || |;0.0;0.0;0.0003
18;-0.0003;-0.0;-0.0;| || |;0.0;0.0;0.0
19;-0.0003;0.0003;-0.0;| || |;0.0;0.0003;0.0
20;-0.0003;0.0003;-0.0;| || |;0.0;0.0;0.0
21;-0.0;-0.0;-0.0;| || |;0.0003;-0.0003;0.0
22;-0.0;-0.0;-0.0;| || |;0.0;0.0;0.0
23;-0.0003;-0.0;-0.0;| || |;-0.0003;0.0;0.0
24;-0.0003;-0.0;-0.0;| || |;0.0;0.0;0.0
25;-0.0;-0.0;-0.0;| || |;0.0003;0.0;0.0
26;-0.0003;-0.0;-0.0;| || |;-0.0003;0.0;0.0
27;-0.0003;-0.0;-0.0;| || |;0.0;0.0;0.0
28;-0.0003;-0.0;-0.0;| || |;0.0;0.0;0.0
29;-0.0003;-0.0;-0.0003;| || |;0.0;0.0;-0.0003
30;-0.0;-0.0;-0.0;| || |;0.0003;0.0;0.0003
31;-0.0003;-0.0;-0.0;| || |;-0.0003;0.0;0.0
32;-0.0003;-0.0;-0.0003;| || |;0.0;0.0;-0.0003
33;-0.0003;-0.0;-0.0003;| || |;0.0;0.0;0.0
34;-0.0003;-0.0;-0.0003;| || |;0.0;0.0;0.0
35;-0.0003;-0.0003;-0.0003;| || |;0.0;-0.0003;0.0
36;-0.0003;-0.0;-0.0;| || |;0.0;0.0003;0.0003
37;-0.0003;-0.0;-0.0003;| || |;0.0;0.0;-0.0003
38;-0.0003;-0.0;-0.0003;| || |;0.0;0.0;0.0
39;-0.0003;-0.0;-0.0;| || |;0.0;0.0;0.0003
40;-0.0;0.0003;-0.0;| || |;0.0003;0.0003;0.0
41;-0.0;-0.0;-0.0;| || |;0.0;-0.0003;0.0
42;-0.0;-0.0;-0.0;| || |;0.0;0.0;0.0
43;-0.0;-0.0;-0.0003;| || |;0.0;0.0;-0.0003
44;-0.0;-0.0;-0.0;| || |;0.0;0.0;0.0003
45;-0.0003;-0.0003;-0.0003;| || |;-0.0003;-0.0003;-0.0003
46;-0.0;-0.0;-0.0;| || |;0.0003;0.0003;0.0003
47;-0.0003;-0.0;-0.0003;| || |;-0.0003;0.0;-0.0003
48;-0.0003;-0.0;-0.0003;| || |;0.0;0.0;0.0
49;-0.0;-0.0;-0.0003;| || |;0.0003;0.0;0.0
50;-0.0;-0.0;-0.0003;| || |;0.0;0.0;0.0
51;-0.0003;-0.0;-0.0003;| || |;-0.0003;0.0;0.0
52;-0.0;-0.0;-0.0003;| || |;0.0003;0.0;0.0
53;-0.0;-0.0;-0.0003;| || |;0.0;0.0;0.0
54;-0.0003;-0.0;-0.0003;| || |;-0.0003;0.0;0.0
55;-0.0003;-0.0003;-0.0;| || |;0.0;-0.0003;0.0003
56;-0.0003;-0.0;-0.0003;| || |;0.0;0.0003;-0.0003
57;-0.0003;-0.0;-0.0003;| || |;0.0;0.0;0.0
58;-0.0003;-0.0;-0.0003;| || |;0.0;0.0;0.0
59;-0.0;-0.0;-0.0006;| || |;0.0003;0.0;-0.0003
60;-0.0;-0.0;-0.0003;| || |;0.0;0.0;0.0003
61;-0.0003;0.0003;-0.0;| || |;-0.0003;0.0003;0.0003
62;-0.0003;-0.0;-0.0003;| || |;0.0;-0.0003;-0.0003
63;-0.0;-0.0;-0.0003;| || |;0.0003;0.0;0.0
64;-0.0003;-0.0003;-0.0006;| || |;-0.0003;-0.0003;-0.0003
65;-0.0003;-0.0;-0.0003;| || |;0.0;0.0003;0.0003
66;-0.0;-0.0;-0.0003;| || |;0.0003;0.0;0.0
67;-0.0;-0.0;-0.0003;| || |;0.0;0.0;0.0
68;-0.0003;-0.0;-0.0003;| || |;-0.0003;0.0;0.0
69;-0.0003;-0.0;-0.0003;| || |;0.0;0.0;0.0
70;-0.0003;-0.0;-0.0003;| || |;0.0;0.0;0.0
71;-0.0003;-0.0;-0.0006;| || |;0.0;0.0;-0.0003
72;-0.0003;-0.0;-0.0006;| || |;0.0;0.0;0.0
73;-0.0003;-0.0;-0.0006;| || |;0.0;0.0;0.0
74;-0.0;-0.0;-0.0006;| || |;0.0003;0.0;0.0
75;-0.0;-0.0;-0.0006;| || |;0.0;0.0;0.0
76;-0.0;-0.0;-0.0003;| || |;0.0;0.0;0.0003
77;-0.0003;-0.0;-0.0006;| || |;-0.0003;0.0;-0.0003
78;-0.0;-0.0;-0.0006;| || |;0.0003;0.0;0.0
79;-0.0;-0.0003;-0.0006;| || |;0.0;-0.0003;0.0
80;-0.0003;-0.0;-0.0003;| || |;-0.0003;0.0003;0.0003
81;-0.0003;-0.0003;-0.0003;| || |;0.0;-0.0003;0.0
82;-0.0003;-0.0003;-0.0003;| || |;0.0;0.0;0.0
83;-0.0003;-0.0;-0.0006;| || |;0.0;0.0003;-0.0003
84;-0.0003;-0.0;-0.0006;| || |;0.0;0.0;0.0
85;-0.0003;-0.0;-0.0006;| || |;0.0;0.0;0.0
86;-0.0003;-0.0;-0.0003;| || |;0.0;0.0;0.0003
87;-0.0;-0.0;-0.0006;| || |;0.0003;0.0;-0.0003
88;-0.0003;-0.0003;-0.0006;| || |;-0.0003;-0.0003;0.0
89;-0.0003;-0.0003;-0.0003;| || |;0.0;0.0;0.0003
90;-0.0;-0.0003;-0.0003;| || |;0.0003;0.0;0.0
91;-0.0003;-0.0003;-0.0003;| || |;-0.0003;0.0;0.0
92;-0.0003;-0.0003;-0.0006;| || |;0.0;0.0;-0.0003
93;-0.0003;-0.0;-0.0006;| || |;0.0;0.0003;0.0
94;-0.0;-0.0;-0.0006;| || |;0.0003;0.0;0.0
95;-0.0;-0.0;-0.0006;| || |;0.0;0.0;0.0
96;-0.0003;-0.0003;-0.0006;| || |;-0.0003;-0.0003;0.0
97;-0.0003;-0.0003;-0.0006;| || |;0.0;0.0;0.0
98;-0.0003;-0.0003;-0.0006;| || |;0.0;0.0;0.0
99;-0.0006;-0.0003;-0.0006;| || |;-0.0003;0.0;0.0
100;-0.0003;-0.0003;-0.0006;| || |;0.0003;0.0;0.0
101;-0.0003;-0.0;-0.0006;| || |;0.0;0.0003;0.0
102;-0.0003;-0.0;-0.001;| || |;0.0;0.0;-0.0004000000000000001
103;-0.0;-0.0;-0.0006;| || |;0.0003;0.0;0.0004000000000000001
104;-0.0003;-0.0;-0.001;| || |;-0.0003;0.0;-0.0004000000000000001
105;-0.0003;-0.0003;-0.0006;| || |;0.0;-0.0003;0.0004000000000000001
106;-0.0;-0.0;-0.001;| || |;0.0003;0.0003;-0.0004000000000000001
107;-0.0;-0.0;-0.0006;| || |;0.0;0.0;0.0004000000000000001
108;-0.0;-0.0;-0.0006;| || |;0.0;0.0;0.0
109;-0.0;-0.0003;-0.001;| || |;0.0;-0.0003;-0.0004000000000000001
110;-0.0;-0.0003;-0.0006;| || |;0.0;0.0;0.0004000000000000001
111;-0.0;-0.0;-0.0006;| || |;0.0;0.0003;0.0
112;-0.0003;-0.0003;-0.001;| || |;-0.0003;-0.0003;-0.0004000000000000001
113;-0.0003;-0.0003;-0.001;| || |;0.0;0.0;0.0
114;-0.0003;-0.0003;-0.001;| || |;0.0;0.0;0.0
115;-0.0;-0.0003;-0.001;| || |;0.0003;0.0;0.0
116;-0.0;-0.0003;-0.001;| || |;0.0;0.0;0.0
117;-0.0;-0.0003;-0.0006;| || |;0.0;0.0;0.0004000000000000001
118;-0.0;-0.0003;-0.0006;| || |;0.0;0.0;0.0
119;-0.0;-0.0003;-0.0006;| || |;0.0;0.0;0.0
120;-0.0;-0.0003;-0.0006;| || |;0.0;0.0;0.0
121;-0.0;-0.0003;-0.0006;| || |;0.0;0.0;0.0
122;-0.0003;-0.0003;-0.0006;| || |;-0.0003;0.0;0.0
123;-0.0003;-0.0003;-0.001;| || |;0.0;0.0;-0.0004000000000000001
124;-0.0003;-0.0;-0.001;| || |;0.0;0.0003;0.0
125;-0.0;-0.0003;-0.0006;| || |;0.0003;-0.0003;0.0004000000000000001
126;-0.0;-0.0003;-0.0006;| || |;0.0;0.0;0.0
127;-0.0;-0.0003;-0.001;| || |;0.0;0.0;-0.0004000000000000001
128;-0.0003;-0.0003;-0.001;| || |;-0.0003;0.0;0.0
129;-0.0;-0.0003;-0.001;| || |;0.0003;0.0;0.0
130;-0.0;-0.0;-0.001;| || |;0.0;0.0003;0.0
131;-0.0;-0.0;-0.001;| || |;0.0;0.0;0.0
132;0.0003;-0.0003;-0.0006;| || |;0.0003;-0.0003;0.0004000000000000001
133;-0.0;-0.0003;-0.0006;| || |;-0.0003;0.0;0.0
134;-0.0;-0.0;-0.001;| || |;0.0;0.0003;-0.0004000000000000001
135;-0.0003;-0.0003;-0.001;| || |;-0.0003;-0.0003;0.0
136;-0.0003;-0.0003;-0.001;| || |;0.0;0.0;0.0
137;-0.0003;-0.0003;-0.001;| || |;0.0;0.0;0.0
138;-0.0;-0.0;-0.001;| || |;0.0003;0.0003;0.0
139;-0.0003;-0.0;-0.0006;| || |;-0.0003;0.0;0.0004000000000000001
140;-0.0003;-0.0003;-0.001;| || |;0.0;-0.0003;-0.0004000000000000001
141;-0.0003;-0.0;-0.001;| || |;0.0;0.0003;0.0
142;-0.0003;-0.0003;-0.001;| || |;0.0;-0.0003;0.0
143;-0.0;-0.0003;-0.001;| || |;0.0003;0.0;0.0
144;-0.0003;-0.0003;-0.0013;| || |;-0.0003;0.0;-0.0002999999999999999
145;-0.0003;-0.0003;-0.001;| || |;0.0;0.0;0.0002999999999999999
146;-0.0003;-0.0003;-0.001;| || |;0.0;0.0;0.0
147;-0.0;-0.0003;-0.001;| || |;0.0003;0.0;0.0
148;-0.0003;-0.0003;-0.001;| || |;-0.0003;0.0;0.0
149;-0.0003;-0.0;-0.0006;| || |;0.0;0.0003;0.0004000000000000001
150;-0.0;-0.0;-0.001;| || |;0.0003;0.0;-0.0004000000000000001
151;-0.0003;-0.0;-0.0013;| || |;-0.0003;0.0;-0.0002999999999999999
152;-0.0003;-0.0;-0.001;| || |;0.0;0.0;0.0002999999999999999
153;-0.0003;-0.0003;-0.001;| || |;0.0;-0.0003;0.0
154;-0.0003;-0.0003;-0.001;| || |;0.0;0.0;0.0
155;-0.0003;-0.0;-0.001;| || |;0.0;0.0003;0.0
156;-0.0;-0.0;-0.001;| || |;0.0003;0.0;0.0
157;-0.0;-0.0003;-0.001;| || |;0.0;-0.0003;0.0
158;-0.0003;-0.0;-0.001;| || |;-0.0003;0.0003;0.0
159;-0.0003;-0.0003;-0.001;| || |;0.0;-0.0003;0.0
160;-0.0;-0.0003;-0.001;| || |;0.0003;0.0;0.0
161;-0.0;-0.0;-0.001;| || |;0.0;0.0003;0.0
162;-0.0003;-0.0003;-0.001;| || |;-0.0003;-0.0003;0.0
163;-0.0;-0.0;-0.001;| || |;0.0003;0.0003;0.0
164;-0.0;-0.0;-0.001;| || |;0.0;0.0;0.0
165;-0.0;-0.0;-0.001;| || |;0.0;0.0;0.0
166;-0.0003;-0.0003;-0.0013;| || |;-0.0003;-0.0003;-0.0002999999999999999
167;-0.0;-0.0003;-0.0013;| || |;0.0003;0.0;0.0
168;-0.0003;-0.0003;-0.0013;| || |;-0.0003;0.0;0.0
169;-0.0003;-0.0003;-0.0013;| || |;0.0;0.0;0.0
170;-0.0;-0.0003;-0.0013;| || |;0.0003;0.0;0.0
171;-0.0;-0.0003;-0.001;| || |;0.0;0.0;0.0002999999999999999
172;-0.0;-0.0;-0.0013;| || |;0.0;0.0003;-0.0002999999999999999
173;-0.0003;-0.0003;-0.0013;| || |;-0.0003;-0.0003;0.0
174;-0.0003;-0.0003;-0.001;| || |;0.0;0.0;0.0002999999999999999
175;-0.0006;-0.0;-0.0013;| || |;-0.0003;0.0003;-0.0002999999999999999
176;-0.0003;-0.0003;-0.0013;| || |;0.0003;-0.0003;0.0
177;-0.0003;-0.0003;-0.0013;| || |;0.0;0.0;0.0
178;-0.0006;-0.0003;-0.0013;| || |;-0.0003;0.0;0.0
179;-0.0003;-0.0003;-0.0013;| || |;0.0003;0.0;0.0
180;-0.0003;-0.0003;-0.0013;| || |;0.0;0.0;0.0
181;-0.0003;-0.0003;-0.001;| || |;0.0;0.0;0.0002999999999999999
182;-0.0003;-0.0003;-0.0013;| || |;0.0;0.0;-0.0002999999999999999
183;-0.0;-0.0;-0.0013;| || |;0.0003;0.0003;0.0
184;-0.0003;-0.0003;-0.0013;| || |;-0.0003;-0.0003;0.0
185;-0.0003;-0.0006;-0.0013;| || |;0.0;-0.0003;0.0
186;-0.0003;-0.0003;-0.0013;| || |;0.0;0.0003;0.0
187;-0.0;-0.0;-0.0013;| || |;0.0003;0.0003;0.0
188;-0.0003;-0.0003;-0.0013;| || |;-0.0003;-0.0003;0.0
189;-0.0003;-0.0003;-0.0013;| || |;0.0;0.0;0.0
190;-0.0003;-0.0;-0.0013;| || |;0.0;0.0003;0.0
191;-0.0;-0.0;-0.0013;| || |;0.0003;0.0;0.0
192;-0.0;-0.0003;-0.0016;| || |;0.0;-0.0003;-0.00030000000000000014
193;-0.0003;-0.0003;-0.0013;| || |;-0.0003;0.0;0.00030000000000000014
194;-0.0;-0.0;-0.0013;| || |;0.0003;0.0003;0.0
195;-0.0003;-0.0003;-0.0013;| || |;-0.0003;-0.0003;0.0
196;-0.0;-0.0003;-0.0013;| || |;0.0003;0.0;0.0
197;-0.0003;-0.0003;-0.0013;| || |;-0.0003;0.0;0.0
198;-0.0003;-0.0006;-0.0013;| || |;0.0;-0.0003;0.0
199;-0.0;-0.0003;-0.0013;| || |;0.0003;0.0003;0.0
200;-0.0003;-0.0003;-0.0013;| || |;-0.0003;0.0;0.0
201;-0.0;-0.0003;-0.0013;| || |;0.0003;0.0;0.0
202;-0.0;-0.0003;-0.0013;| || |;0.0;0.0;0.0
203;-0.0;-0.0006;-0.0013;| || |;0.0;-0.0003;0.0
204;-0.0;-0.0006;-0.0013;| || |;0.0;0.0;0.0
205;-0.0;-0.0003;-0.0013;| || |;0.0;0.0003;0.0
206;-0.0;-0.0;-0.0013;| || |;0.0;0.0003;0.0
207;-0.0;-0.0003;-0.0013;| || |;0.0;-0.0003;0.0
208;-0.0003;-0.0003;-0.0016;| || |;-0.0003;0.0;-0.00030000000000000014
209;-0.0;-0.0006;-0.0013;| || |;0.0003;-0.0003;0.00030000000000000014
210;-0.0;-0.0003;-0.0013;| || |;0.0;0.0003;0.0
211;-0.0;-0.0006;-0.0013;| || |;0.0;-0.0003;0.0
212;-0.0;-0.0003;-0.0013;| || |;0.0;0.0003;0.0
213;-0.0003;-0.0003;-0.0013;| || |;-0.0003;0.0;0.0
214;-0.0003;-0.0006;-0.0013;| || |;0.0;-0.0003;0.0
215;-0.0003;-0.0006;-0.0013;| || |;0.0;0.0;0.0
216;-0.0;-0.0003;-0.0013;| || |;0.0003;0.0003;0.0
217;-0.0003;-0.0003;-0.0013;| || |;-0.0003;0.0;0.0
218;-0.0;-0.0003;-0.0013;| || |;0.0003;0.0;0.0
219;-0.0;-0.0003;-0.001;| || |;0.0;0.0;0.0002999999999999999
220;-0.0003;0.0003;-0.001;| || |;-0.0003;0.0006;0.0
221;-0.0003;0.0009;-0.0013;| || |;0.0;0.0006000000000000001;-0.0002999999999999999
222;-0.0;0.0018;-0.0013;| || |;0.0003;0.0009;0.0
223;-0.0;0.007;-0.001;| || |;0.0;0.0052;0.0002999999999999999
224;-0.0003;0.1017;-0.001;| || |;-0.0003;0.09469999999999999;0.0
225;-0.0;0.2602;-0.0006;| || |;0.0003;0.15849999999999997;0.0004000000000000001
226;-0.0;0.3022;-0.0006;| || |;0.0;0.04200000000000004;0.0
227;0.0363;0.2945;0.1479;| || |;0.0363;-0.00770000000000004;0.1485
228;0.005;0.2691;0.459;| || |;-0.0313;-0.025399999999999978;0.31110000000000004
229;0.0019;0.2478;0.2326;| || |;-0.0031000000000000003;-0.021300000000000013;-0.22640000000000002
230;0.0025;0.2378;0.2695;| || |;0.0006000000000000001;-0.009999999999999981;0.036900000000000016
231;0.0034;0.2368;0.4089;| || |;0.0008999999999999998;-0.0010000000000000009;0.13939999999999997
232;0.0044;0.2316;0.4553;| || |;0.0010000000000000005;-0.00520000000000001;0.0464
233;0.0044;0.2194;0.4526;| || |;0.0;-0.012199999999999989;-0.00269999999999998
234;0.0041;0.2009;0.4173;| || |;-0.0002999999999999999;-0.018500000000000016;-0.0353
235;0.4152;0.1776;0.3581;| || |;0.4111;-0.023299999999999987;-0.05920000000000003
236;0.7154;0.1581;0.3066;| || |;0.3002;-0.019500000000000017;-0.05149999999999999
237;0.5865;0.1453;0.2731;| || |;-0.12890000000000001;-0.012799999999999978;-0.033499999999999974
238;0.5712;0.1403;0.2483;| || |;-0.01529999999999998;-0.0050000000000000044;-0.024800000000000016
239;0.5712;0.1382;0.2315;| || |;0.0;-0.0021000000000000185;-0.01679999999999998
240;0.5712;0.1382;0.2195;| || |;0.0;0.0;-0.01200000000000001
241;0.57;0.1386;0.2104;| || |;-0.0012000000000000899;0.00040000000000001146;-0.009099999999999997
242;0.7892;0.139;0.2073;| || |;0.21920000000000006;0.00040000000000001146;-0.0030999999999999917
243;0.5937;0.139;0.2068;| || |;-0.1955;0.0;-0.0005000000000000004
244;0.8313;0.1398;0.2084;| || |;0.23760000000000003;0.0007999999999999952;0.0015999999999999903
245;1.6681;0.1403;0.2094;| || |;0.8367999999999999;0.0005000000000000004;0.0010000000000000009
246;1.4462;0.1403;0.2099;| || |;-0.2219;0.0;0.0005000000000000004
247;1.0448;0.1407;0.211;| || |;-0.4014;0.0003999999999999837;0.0010999999999999899
248;0.9868;0.1407;0.2115;| || |;-0.05799999999999994;0.0;0.0005000000000000004
249;0.9808;0.1411;0.2126;| || |;-0.006000000000000005;0.00040000000000001146;0.0011000000000000176
250;1.154;0.1415;0.2141;| || |;0.1731999999999999;0.0003999999999999837;0.0015000000000000013
251;1.765;0.1419;0.2141;| || |;0.611;0.00040000000000001146;0.0
252;1.0448;0.1423;0.2147;| || |;-0.7202;0.00040000000000001146;0.0005999999999999894
253;0.7873;0.1423;0.2157;| || |;-0.25749999999999995;0.0;0.0010000000000000009
254;0.671;0.1423;0.2163;| || |;-0.11629999999999996;0.0;0.0005999999999999894
255;0.6254;0.1423;0.2157;| || |;-0.045600000000000085;0.0;-0.0005999999999999894
256;0.6189;0.1428;0.2163;| || |;-0.00649999999999995;0.0005000000000000004;0.0005999999999999894
257;0.6202;0.1432;0.2173;| || |;0.0012999999999999678;0.0003999999999999837;0.0010000000000000009
258;0.9577;0.1428;0.2168;| || |;0.3375;-0.0003999999999999837;-0.0005000000000000004
259;1.492;0.1432;0.2163;| || |;0.5343;0.0003999999999999837;-0.0005000000000000004
260;0.8251;0.1436;0.2173;| || |;-0.6669;0.00040000000000001146;0.0010000000000000009
261;0.6011;0.144;0.2173;| || |;-0.22399999999999998;0.0003999999999999837;0.0
262;0.57;0.1436;0.2173;| || |;-0.031100000000000017;-0.0003999999999999837;0.0
263;0.5677;0.1449;0.2179;| || |;-0.0022999999999999687;0.0012999999999999956;0.0006000000000000172
264;0.5677;0.1465;0.2184;| || |;0.0;0.0015999999999999903;0.0005000000000000004
265;0.5723;0.1487;0.2184;| || |;0.0046000000000000485;0.0022000000000000075;0.0
266;0.9465;0.1551;0.2206;| || |;0.3742;0.006399999999999989;0.0021999999999999797
267;0.9411;0.1726;0.2216;| || |;-0.00539999999999996;0.017500000000000016;0.0010000000000000009
268;0.6124;0.226;0.2243;| || |;-0.3287;0.0534;0.002700000000000008
269;0.5666;0.3394;0.2298;| || |;-0.04580000000000006;0.11339999999999997;0.005500000000000005
270;0.5643;0.4635;0.2489;| || |;-0.0022999999999999687;0.12410000000000004;0.019100000000000006
271;0.5643;0.5613;0.2936;| || |;0.0;0.0978;0.04470000000000002
272;0.5666;0.6288;0.3769;| || |;0.0022999999999999687;0.0675;0.08329999999999999
273;0.5677;0.6704;0.4879;| || |;0.0010999999999999899;0.04159999999999997;0.11099999999999999
274;0.6724;0.6906;0.5896;| || |;0.10470000000000002;0.020199999999999996;0.10170000000000001
275;1.4048;0.6981;0.6695;| || |;0.7324;0.007500000000000062;0.07989999999999997
276;2.1452;0.6981;0.7108;| || |;0.7404;0.0;0.0413
277;0.6497;0.6936;0.7226;| || |;-1.4954999999999998;-0.0045000000000000595;0.011800000000000033
278;0.5631;0.6862;0.726;| || |;-0.08660000000000001;-0.007399999999999962;0.0033999999999999586
279;0.5575;0.679;0.7209;| || |;-0.005600000000000049;-0.007199999999999984;-0.005099999999999993
280;0.5564;0.6747;0.7125;| || |;-0.0010999999999999899;-0.0043000000000000815;-0.008399999999999963
281;0.5541;0.6718;0.7025;| || |;-0.0022999999999999687;-0.0029000000000000137;-0.010000000000000009
282;0.9122;0.6718;0.6945;| || |;0.3581;0.0;-0.008000000000000007
283;1.823;0.6732;0.6865;| || |;0.9107999999999999;0.0014000000000000679;-0.008000000000000007
284;0.9046;0.679;0.6818;| || |;-0.9184;0.005800000000000027;-0.0047000000000000375
285;0.6904;0.6862;0.6787;| || |;-0.21419999999999995;0.007199999999999984;-0.0030999999999999917
286;0.6666;0.6936;0.6787;| || |;-0.023800000000000043;0.007399999999999962;0.0
287;0.6623;0.7026;0.6818;| || |;-0.0042999999999999705;0.009000000000000008;0.0030999999999999917
288;0.6638;0.7134;0.6865;| || |;0.0014999999999999458;0.010800000000000032;0.0047000000000000375
289;0.6681;0.7212;0.6929;| || |;0.0043000000000000815;0.007799999999999918;0.006399999999999961
290;0.6739;0.7292;0.6993;| || |;0.005800000000000027;0.008000000000000007;0.006400000000000072
291;0.6798;0.7308;0.7075;| || |;0.005899999999999905;0.0016000000000000458;0.008199999999999985
292;0.6888;0.7244;0.7175;| || |;0.009000000000000008;-0.006399999999999961;0.010000000000000009
293;0.6996;0.6966;0.7243;| || |;0.010800000000000032;-0.027800000000000047;0.006800000000000028
294;0.7106;0.6378;0.7312;| || |;0.01100000000000001;-0.05879999999999996;0.006899999999999906
295;0.7203;0.569;0.74;| || |;0.009700000000000042;-0.06880000000000008;0.00880000000000003
296;0.7286;0.5096;0.74;| || |;0.008299999999999974;-0.0593999999999999;0.0
297;0.737;0.4548;0.733;| || |;0.008399999999999963;-0.05480000000000007;-0.007000000000000006
298;0.7438;0.4054;0.7175;| || |;0.006800000000000028;-0.0494;-0.015499999999999958
299;0.749;0.3589;0.6961;| || |;0.005199999999999982;-0.046499999999999986;-0.021399999999999975
300;0.7525;0.3176;0.668;| || |;0.0034999999999999476;-0.0413;-0.028100000000000014
301;0.7578;0.2862;0.6347;| || |;0.005300000000000082;-0.031399999999999983;-0.033299999999999996
302;0.756;0.2635;0.6024;| || |;-0.0018000000000000238;-0.022699999999999998;-0.032299999999999995
303;0.7525;0.2425;0.5604;| || |;-0.0035000000000000586;-0.02100000000000002;-0.04200000000000004
304;0.7404;0.2209;0.5104;| || |;-0.0121;-0.02159999999999998;-0.050000000000000044
305;0.7269;0.2009;0.4618;| || |;-0.013499999999999956;-0.020000000000000018;-0.04859999999999998
306;0.7138;0.1849;0.4182;| || |;-0.0131;-0.015999999999999986;-0.04359999999999997
307;0.7012;0.1709;0.3777;| || |;-0.012599999999999945;-0.014000000000000012;-0.040500000000000036
308;0.6858;0.1577;0.3414;| || |;-0.01540000000000008;-0.01319999999999999;-0.0363
309;0.6681;0.1512;0.3159;| || |;-0.017699999999999938;-0.006500000000000006;-0.025499999999999967
310;0.6497;0.147;0.2956;| || |;-0.018399999999999972;-0.004200000000000009;-0.02030000000000004
311;0.64;0.1407;0.2695;| || |;-0.009700000000000042;-0.0063;-0.026099999999999957
312;0.632;0.1353;0.2472;| || |;-0.008000000000000007;-0.005399999999999988;-0.022300000000000014
313;0.6202;0.1308;0.2326;| || |;-0.011800000000000033;-0.004500000000000004;-0.014600000000000002
314;0.6086;0.1276;0.2265;| || |;-0.011599999999999944;-0.0032000000000000084;-0.006099999999999994
315;0.5987;0.1251;0.2163;| || |;-0.00990000000000002;-0.0025000000000000022;-0.010200000000000015
316;0.5712;0.1227;0.2073;| || |;-0.02749999999999997;-0.0023999999999999855;-0.00899999999999998
317;0.5442;0.1243;0.199;| || |;-0.027000000000000024;0.0015999999999999903;-0.008300000000000002
318;0.5261;0.13;0.1939;| || |;-0.018100000000000005;0.005700000000000011;-0.005100000000000021
319;0.5087;0.13;0.1854;| || |;-0.01739999999999997;0.0;-0.00849999999999998
320;0.4949;0.1288;0.178;| || |;-0.013800000000000034;-0.0012000000000000066;-0.007400000000000018
321;0.4777;0.1207;0.1737;| || |;-0.017199999999999993;-0.008099999999999996;-0.004299999999999998
322;0.4595;0.1156;0.167;| || |;-0.018199999999999994;-0.005100000000000007;-0.006699999999999984
323;0.4317;0.1036;0.1599;| || |;-0.027800000000000047;-0.011999999999999997;-0.007100000000000023
324;0.3986;0.0893;0.1465;| || |;-0.03309999999999996;-0.014299999999999993;-0.013399999999999995
325;0.3606;0.0705;0.1327;| || |;-0.038000000000000034;-0.01880000000000001;-0.013799999999999979
326;0.3445;0.0538;0.1184;| || |;-0.016100000000000003;-0.016699999999999993;-0.014300000000000007
327;0.3363;0.0404;0.0997;| || |;-0.008199999999999985;-0.013400000000000002;-0.01870000000000001
328;0.3309;0.0309;0.086;| || |;-0.00539999999999996;-0.009499999999999998;-0.013700000000000004
329;0.3026;0.0245;0.0717;| || |;-0.028300000000000047;-0.0063999999999999994;-0.014299999999999993
330;0.2576;0.0203;0.057;| || |;-0.044999999999999984;-0.004200000000000002;-0.014699999999999998
331;0.2107;0.0172;0.045;| || |;-0.0469;-0.0030999999999999986;-0.012000000000000004
332;0.1698;0.0147;0.0365;| || |;-0.04089999999999999;-0.0025000000000000005;-0.0085
333;0.1362;0.0131;0.0305;| || |;-0.03360000000000002;-0.001599999999999999;-0.005999999999999998
334;0.1046;0.0116;0.026;| || |;-0.03159999999999999;-0.0015000000000000013;-0.0045000000000000005
335;0.0789;0.0104;0.0216;| || |;-0.0257;-0.0011999999999999997;-0.004399999999999998
336;0.0606;0.0088;0.0179;| || |;-0.018299999999999997;-0.001599999999999999;-0.003700000000000002
337;0.0483;0.0076;0.0165;| || |;-0.012299999999999998;-0.0012000000000000005;-0.0013999999999999985
338;0.0393;0.0067;0.0145;| || |;-0.009000000000000001;-0.0008999999999999998;-0.002
339;0.0329;0.0058;0.0128;| || |;-0.006400000000000003;-0.0009000000000000006;-0.0017000000000000001
340;0.0283;0.0055;0.0112;| || |;-0.0046;-0.0002999999999999999;-0.0016000000000000007
341;0.0243;0.0045;0.0088;| || |;-0.004;-0.001;-0.0023999999999999994
342;0.0207;0.0036;0.0072;| || |;-0.003599999999999999;-0.0008999999999999998;-0.0016000000000000007
343;0.0181;0.003;0.0055;| || |;-0.002599999999999998;-0.0005999999999999998;-0.0017000000000000001
344;0.0158;0.0027;0.0042;| || |;-0.0023;-0.0002999999999999999;-0.0013
345;0.0139;0.0024;0.0036;| || |;-0.0019000000000000024;-0.00030000000000000035;-0.0005999999999999998
346;0.0123;0.0021;0.0026;| || |;-0.001599999999999999;-0.0002999999999999999;-0.001
347;0.011;0.0018;0.0019;| || |;-0.0013000000000000008;-0.0002999999999999999;-0.0006999999999999999
348;0.0101;0.0015;0.0013;| || |;-0.0008999999999999998;-0.0002999999999999999;-0.0006000000000000001
349;0.0088;0.0012;0.0006;| || |;-0.001299999999999999;-0.00030000000000000014;-0.0007
350;0.0078;0.0009;-0.0003;| || |;-0.0010000000000000009;-0.0002999999999999999;-0.0009
351;0.0069;0.0006;-0.0006;| || |;-0.0008999999999999998;-0.00030000000000000003;-0.0003
352;0.0063;0.0006;-0.0006;| || |;-0.0005999999999999998;0.0;0.0
353;0.0059;0.0006;-0.0013;| || |;-0.0004000000000000002;0.0;-0.0007
354;0.0053;0.0003;-0.0013;| || |;-0.0005999999999999998;-0.0003;0.0
355;0.0053;0.0003;-0.0019;| || |;0.0;0.0;-0.0006000000000000001
356;0.005;0.0003;-0.0019;| || |;-0.0002999999999999999;0.0;0.0
357;0.0047;0.0003;-0.0019;| || |;-0.0002999999999999999;0.0;0.0
358;0.0041;-0.0;-0.0023;| || |;-0.0005999999999999998;-0.0003;-0.00039999999999999996
359;0.0037;-0.0;-0.0026;| || |;-0.0004000000000000002;0.0;-0.0002999999999999999
360;0.0034;-0.0;-0.0026;| || |;-0.00030000000000000035;0.0;0.0
361;0.0031;-0.0003;-0.0026;| || |;-0.0002999999999999999;-0.0003;0.0
362;0.0031;-0.0003;-0.0026;| || |;0.0;0.0;0.0
363;0.0031;-0.0;-0.0029;| || |;0.0;0.0003;-0.0002999999999999999
364;0.0028;-0.0;-0.0029;| || |;-0.0002999999999999999;0.0;0.0
365;0.0025;-0.0003;-0.0029;| || |;-0.0002999999999999999;-0.0003;0.0
366;0.0028;-0.0003;-0.0026;| || |;0.0002999999999999999;0.0;0.0002999999999999999
367;0.0025;-0.0003;-0.0029;| || |;-0.0002999999999999999;0.0;-0.0002999999999999999
368;0.0022;-0.0003;-0.0029;| || |;-0.0002999999999999999;0.0;0.0
369;0.0025;-0.0003;-0.0029;| || |;0.0002999999999999999;0.0;0.0
370;0.0025;-0.0003;-0.0029;| || |;0.0;0.0;0.0
371;0.0025;-0.0003;-0.0029;| || |;0.0;0.0;0.0
372;0.0022;-0.0003;-0.0029;| || |;-0.0002999999999999999;0.0;0.0
373;0.0022;-0.0003;-0.0029;| || |;0.0;0.0;0.0
374;0.0022;-0.0003;-0.0029;| || |;0.0;0.0;0.0
375;0.0019;-0.0;-0.0029;| || |;-0.00030000000000000014;0.0003;0.0
376;0.0022;-0.0006;-0.0032;| || |;0.00030000000000000014;-0.0006;-0.00030000000000000035
377;0.0022;-0.0003;-0.0029;| || |;0.0;0.0003;0.00030000000000000035
378;0.0022;-0.0003;-0.0029;| || |;0.0;0.0;0.0
379;0.0022;-0.0003;-0.0032;| || |;0.0;0.0;-0.00030000000000000035
380;0.0022;-0.0;-0.0032;| || |;0.0;0.0003;0.0
381;0.0022;-0.0003;-0.0032;| || |;0.0;-0.0003;0.0
382;0.0022;-0.0003;-0.0032;| || |;0.0;0.0;0.0
383;0.0022;-0.0003;-0.0032;| || |;0.0;0.0;0.0
384;0.0019;-0.0003;-0.0032;| || |;-0.00030000000000000014;0.0;0.0
385;0.0022;-0.0003;-0.0029;| || |;0.00030000000000000014;0.0;0.00030000000000000035
386;0.0019;-0.0003;-0.0032;| || |;-0.00030000000000000014;0.0;-0.00030000000000000035
387;0.0022;-0.0003;-0.0032;| || |;0.00030000000000000014;0.0;0.0
388;0.0019;-0.0006;-0.0029;| || |;-0.00030000000000000014;-0.0003;0.00030000000000000035
389;0.0019;-0.0006;-0.0029;| || |;0.0;0.0;0.0
390;0.0019;-0.0;-0.0029;| || |;0.0;0.0006;0.0
391;0.0019;-0.0;-0.0029;| || |;0.0;0.0;0.0
392;0.0019;-0.0003;-0.0029;| || |;0.0;-0.0003;0.0
393;0.0016;-0.0003;-0.0032;| || |;-0.0002999999999999999;0.0;-0.00030000000000000035
394;0.0019;-0.0003;-0.0032;| || |;0.0002999999999999999;0.0;0.0
395;0.0019;-0.0003;-0.0032;| || |;0.0;0.0;0.0
396;0.0019;-0.0003;-0.0032;| || |;0.0;0.0;0.0
397;0.0019;-0.0003;-0.0032;| || |;0.0;0.0;0.0
398;0.0022;-0.0003;-0.0032;| || |;0.00030000000000000014;0.0;0.0
399;0.0022;-0.0003;-0.0032;| || |;0.0;0.0;0.0
400;0.0022;-0.0;-0.0032;| || |;0.0;0.0003;0.0
401;0.0019;-0.0003;-0.0032;| || |;-0.00030000000000000014;-0.0003;0.0
402;0.0019;-0.0003;-0.0032;| || |;0.0;0.0;0.0
403;0.0019;-0.0003;-0.0032;| || |;0.0;0.0;0.0
404;0.0019;-0.0003;-0.0032;| || |;0.0;0.0;0.0
405;0.0019;-0.0003;-0.0032;| || |;0.0;0.0;0.0
406;0.0022;-0.0;-0.0035;| || |;0.00030000000000000014;0.0003;-0.0002999999999999999
407;0.0025;-0.0;-0.0032;| || |;0.0002999999999999999;0.0;0.0002999999999999999
408;0.0022;-0.0003;-0.0035;| || |;-0.0002999999999999999;-0.0003;-0.0002999999999999999
409;0.0022;-0.0;-0.0032;| || |;0.0;0.0003;0.0002999999999999999
410;0.0022;-0.0;-0.0032;| || |;0.0;0.0;0.0
411;0.0022;-0.0003;-0.0032;| || |;0.0;-0.0003;0.0
412;0.0019;-0.0003;-0.0032;| || |;-0.00030000000000000014;0.0;0.0
413;0.0019;-0.0003;-0.0029;| || |;0.0;0.0;0.00030000000000000035
414;0.0019;-0.0;-0.0032;| || |;0.0;0.0003;-0.00030000000000000035
415;0.0019;-0.0003;-0.0032;| || |;0.0;-0.0003;0.0
416;0.0019;-0.0003;-0.0035;| || |;0.0;0.0;-0.0002999999999999999
417;0.0019;-0.0003;-0.0032;| || |;0.0;0.0;0.0002999999999999999
418;0.0019;-0.0003;-0.0032;| || |;0.0;0.0;0.0
419;0.0022;-0.0003;-0.0032;| || |;0.00030000000000000014;0.0;0.0
420;0.0022;-0.0003;-0.0032;| || |;0.0;0.0;0.0
421;0.0022;-0.0006;-0.0032;| || |;0.0;-0.0003;0.0
422;0.0019;-0.0006;-0.0035;| || |;-0.00030000000000000014;0.0;-0.0002999999999999999
423;0.0019;-0.0006;-0.0035;| || |;0.0;0.0;0.0
424;0.0019;-0.0006;-0.0035;| || |;0.0;0.0;0.0
425;0.0022;-0.0003;-0.0032;| || |;0.00030000000000000014;0.0003;0.0002999999999999999
426;0.0019;-0.0003;-0.0032;| || |;-0.00030000000000000014;0.0;0.0
427;0.0019;-0.0006;-0.0032;| || |;0.0;-0.0003;0.0
428;0.0019;-0.0006;-0.0032;| || |;0.0;0.0;0.0
429;0.0019;-0.0006;-0.0032;| || |;0.0;0.0;0.0
430;0.0019;-0.0003;-0.0032;| || |;0.0;0.0003;0.0
431;0.0019;-0.0003;-0.0032;| || |;0.0;0.0;0.0
432;0.0019;-0.0006;-0.0032;| || |;0.0;-0.0003;0.0
433;0.0022;-0.0006;-0.0032;| || |;0.00030000000000000014;0.0;0.0
434;0.0022;-0.0006;-0.0032;| || |;0.0;0.0;0.0
435;0.0019;-0.0006;-0.0032;| || |;-0.00030000000000000014;0.0;0.0
436;0.0019;-0.0009;-0.0032;| || |;0.0;-0.00030000000000000003;0.0
437;0.0019;-0.0003;-0.0035;| || |;0.0;0.0006000000000000001;-0.0002999999999999999
438;0.0022;-0.0003;-0.0032;| || |;0.00030000000000000014;0.0;0.0002999999999999999
439;0.0019;-0.0003;-0.0032;| || |;-0.00030000000000000014;0.0;0.0
440;0.0019;-0.0003;-0.0032;| || |;0.0;0.0;0.0
441;0.0019;-0.0003;-0.0032;| || |;0.0;0.0;0.0
442;0.0019;-0.0003;-0.0032;| || |;0.0;0.0;0.0
443;0.0019;-0.0003;-0.0032;| || |;0.0;0.0;0.0
444;0.0022;-0.0003;-0.0032;| || |;0.00030000000000000014;0.0;0.0
445;0.0019;-0.0003;-0.0032;| || |;-0.00030000000000000014;0.0;0.0
446;0.0016;-0.0003;-0.0032;| || |;-0.0002999999999999999;0.0;0.0
447;0.0019;-0.0006;-0.0032;| || |;0.0002999999999999999;-0.0003;0.0
448;0.0019;-0.0003;-0.0032;| || |;0.0;0.0003;0.0
449;0.0019;-0.0003;-0.0032;| || |;0.0;0.0;0.0
450;0.0019;-0.0;-0.0035;| || |;0.0;0.0003;-0.0002999999999999999
451;0.0019;-0.0003;-0.0032;| || |;0.0;-0.0003;0.0002999999999999999
452;0.0019;-0.0003;-0.0035;| || |;0.0;0.0;-0.0002999999999999999
453;0.0022;-0.0003;-0.0035;| || |;0.00030000000000000014;0.0;0.0
454;0.0022;-0.0003;-0.0035;| || |;0.0;0.0;0.0
455;0.0019;-0.0003;-0.0032;| || |;-0.00030000000000000014;0.0;0.0002999999999999999
456;0.0019;-0.0003;-0.0035;| || |;0.0;0.0;-0.0002999999999999999
457;0.0022;-0.0003;-0.0032;| || |;0.00030000000000000014;0.0;0.0002999999999999999
458;0.0022;-0.0003;-0.0035;| || |;0.0;0.0;-0.0002999999999999999
459;0.0022;-0.0;-0.0035;| || |;0.0;0.0003;0.0
460;0.0022;-0.0003;-0.0032;| || |;0.0;-0.0003;0.0002999999999999999
461;0.0022;-0.0003;-0.0035;| || |;0.0;0.0;-0.0002999999999999999
462;0.0019;-0.0;-0.0035;| || |;-0.00030000000000000014;0.0003;0.0
463;0.0022;-0.0003;-0.0032;| || |;0.00030000000000000014;-0.0003;0.0002999999999999999
464;0.0022;-0.0003;-0.0035;| || |;0.0;0.0;-0.0002999999999999999
465;0.0022;-0.0003;-0.0035;| || |;0.0;0.0;0.0
466;0.0022;-0.0003;-0.0032;| || |;0.0;0.0;0.0002999999999999999
467;0.0022;-0.0;-0.0035;| || |;0.0;0.0003;-0.0002999999999999999
468;0.0022;-0.0003;-0.0035;| || |;0.0;-0.0003;0.0
469;0.0019;-0.0006;-0.0035;| || |;-0.00030000000000000014;-0.0003;0.0
470;0.0025;-0.0006;-0.0035;| || |;0.0006000000000000001;0.0;0.0
471;0.0022;-0.0;-0.0035;| || |;-0.0002999999999999999;0.0006;0.0
472;0.0019;-0.0003;-0.0035;| || |;-0.00030000000000000014;-0.0003;0.0
473;0.0022;-0.0006;-0.0035;| || |;0.00030000000000000014;-0.0003;0.0
474;0.0022;-0.0003;-0.0032;| || |;0.0;0.0003;0.0002999999999999999
475;0.0022;-0.0003;-0.0035;| || |;0.0;0.0;-0.0002999999999999999
476;0.0022;-0.0006;-0.0035;| || |;0.0;-0.0003;0.0
477;0.0022;-0.0003;-0.0035;| || |;0.0;0.0003;0.0
478;0.0022;-0.0003;-0.0035;| || |;0.0;0.0;0.0
479;0.0022;-0.0003;-0.0039;| || |;0.0;0.0;-0.00039999999999999975
480;0.0019;-0.0003;-0.0039;| || |;-0.00030000000000000014;0.0;0.0
481;0.0019;-0.0003;-0.0035;| || |;0.0;0.0;0.00039999999999999975
482;0.0022;-0.0006;-0.0035;| || |;0.00030000000000000014;-0.0003;0.0
483;0.0022;-0.0;-0.0035;| || |;0.0;0.0006;0.0
484;0.0022;-0.0003;-0.0035;| || |;0.0;-0.0003;0.0
485;0.0022;-0.0003;-0.0032;| || |;0.0;0.0;0.0002999999999999999
486;0.0022;-0.0003;-0.0035;| || |;0.0;0.0;-0.0002999999999999999
487;0.0022;-0.0003;-0.0035;| || |;0.0;0.0;0.0
488;0.0019;-0.0003;-0.0039;| || |;-0.00030000000000000014;0.0;-0.00039999999999999975
489;0.0019;-0.0003;-0.0035;| || |;0.0;0.0;0.00039999999999999975
490;0.0022;-0.0003;-0.0039;| || |;0.00030000000000000014;0.0;-0.00039999999999999975
491;0.0019;-0.0003;-0.0039;| || |;-0.00030000000000000014;0.0;0.0
492;0.0022;-0.0003;-0.0039;| || |;0.00030000000000000014;0.0;0.0
493;0.0022;-0.0003;-0.0039;| || |;0.0;0.0;0.0
494;0.0022;-0.0006;-0.0035;| || |;0.0;-0.0003;0.00039999999999999975
495;0.0022;-0.0006;-0.0035;| || |;0.0;0.0;0.0
496;0.0022;-0.0003;-0.0035;| || |;0.0;0.0003;0.0
497;0.0022;-0.0003;-0.0035;| || |;0.0;0.0;0.0
498;0.0019;-0.0003;-0.0035;| || |;-0.00030000000000000014;0.0;0.0
499;0.0022;-0.0;-0.0035;| || |;0.00030000000000000014;0.0003;0.0
500;0.0022;-0.0003;-0.0035;| || |;0.0;-0.0003;0.0
501;0.0019;-0.0003;-0.0035;| || |;-0.00030000000000000014;0.0;0.0
502;0.0019;-0.0006;-0.0039;| || |;0.0;-0.0003;-0.00039999999999999975
503;0.0022;-0.0006;-0.0035;| || |;0.00030000000000000014;0.0;0.00039999999999999975
504;0.0022;-0.0003;-0.0039;| || |;0.0;0.0003;-0.00039999999999999975
505;0.0019;-0.0006;-0.0039;| || |;-0.00030000000000000014;-0.0003;0.0
506;0.0022;-0.0006;-0.0035;| || |;0.00030000000000000014;0.0;0.00039999999999999975
507;0.0019;-0.0003;-0.0035;| || |;-0.00030000000000000014;0.0003;0.0
508;0.0019;-0.0006;-0.0032;| || |;0.0;-0.0003;0.0002999999999999999
509;0.0019;-0.0003;-0.0035;| || |;0.0;0.0003;-0.0002999999999999999
510;0.0022;-0.0003;-0.0035;| || |;0.00030000000000000014;0.0;0.0
511;0.0019;-0.0006;-0.0035;| || |;-0.00030000000000000014;-0.0003;0.0
512;0.0019;-0.0003;-0.0039;| || |;0.0;0.0003;-0.00039999999999999975
513;0.0019;-0.0003;-0.0039;| || |;0.0;0.0;0.0
514;0.0019;-0.0006;-0.0035;| || |;0.0;-0.0003;0.00039999999999999975
515;0.0019;-0.0006;-0.0035;| || |;0.0;0.0;0.0
516;0.0019;-0.0003;-0.0035;| || |;0.0;0.0003;0.0
517;0.0019;-0.0003;-0.0035;| || |;0.0;0.0;0.0
518;0.0019;-0.0006;-0.0035;| || |;0.0;-0.0003;0.0
519;0.0019;-0.0006;-0.0035;| || |;0.0;0.0;0.0
520;0.0022;-0.0006;-0.0039;| || |;0.00030000000000000014;0.0;-0.00039999999999999975
521;0.0019;-0.0006;-0.0035;| || |;-0.00030000000000000014;0.0;0.00039999999999999975
522;0.0019;-0.0006;-0.0039;| || |;0.0;0.0;-0.00039999999999999975
523;0.0019;-0.0006;-0.0035;| || |;0.0;0.0;0.00039999999999999975
524;0.0019;-0.0003;-0.0039;| || |;0.0;0.0003;-0.00039999999999999975
525;0.0019;-0.0003;-0.0035;| || |;0.0;0.0;0.00039999999999999975
526;0.0019;-0.0006;-0.0035;| || |;0.0;-0.0003;0.0
527;0.0022;-0.0003;-0.0039;| || |;0.00030000000000000014;0.0003;-0.00039999999999999975
528;0.0019;-0.0006;-0.0039;| || |;-0.00030000000000000014;-0.0003;0.0
529;0.0019;-0.0006;-0.0039;| || |;0.0;0.0;0.0
530;0.0022;-0.0006;-0.0035;| || |;0.00030000000000000014;0.0;0.00039999999999999975
531;0.0022;-0.0003;-0.0039;| || |;0.0;0.0003;-0.00039999999999999975
532;0.0019;-0.0003;-0.0039;| || |;-0.00030000000000000014;0.0;0.0
533;0.0022;-0.0003;-0.0039;| || |;0.00030000000000000014;0.0;0.0
534;0.0019;-0.0003;-0.0035;| || |;-0.00030000000000000014;0.0;0.00039999999999999975
535;0.0019;-0.0006;-0.0035;| || |;0.0;-0.0003;0.0
536;0.0022;-0.0006;-0.0035;| || |;0.00030000000000000014;0.0;0.0
537;0.0022;-0.0006;-0.0039;| || |;0.0;0.0;-0.00039999999999999975
538;0.0022;-0.0006;-0.0039;| || |;0.0;0.0;0.0
539;0.0019;-0.0006;-0.0039;| || |;-0.00030000000000000014;0.0;0.0
540;0.0016;-0.0006;-0.0039;| || |;-0.0002999999999999999;0.0;0.0
541;0.0019;-0.0006;-0.0039;| || |;0.0002999999999999999;0.0;0.0
542;0.0019;-0.0003;-0.0039;| || |;0.0;0.0003;0.0
543;0.0019;-0.0003;-0.0039;| || |;0.0;0.0;0.0
544;0.0019;-0.0006;-0.0039;| || |;0.0;-0.0003;0.0
545;0.0016;-0.0003;-0.0039;| || |;-0.0002999999999999999;0.0003;0.0
546;0.0016;-0.0003;-0.0039;| || |;0.0;0.0;0.0
547;0.0019;-0.0003;-0.0039;| || |;0.0002999999999999999;0.0;0.0
548;0.0019;-0.0003;-0.0039;| || |;0.0;0.0;0.0
549;0.0022;-0.0006;-0.0039;| || |;0.00030000000000000014;-0.0003;0.0
550;0.0022;-0.0003;-0.0039;| || |;0.0;0.0003;0.0
551;0.0019;-0.0006;-0.0035;| || |;-0.00030000000000000014;-0.0003;0.00039999999999999975
552;0.0019;-0.0006;-0.0039;| || |;0.0;0.0;-0.00039999999999999975
553;0.0022;-0.0006;-0.0042;| || |;0.00030000000000000014;0.0;-0.0002999999999999999
554;0.0019;-0.0006;-0.0039;| || |;-0.00030000000000000014;0.0;0.0002999999999999999
555;0.0019;-0.0003;-0.0039;| || |;0.0;0.0003;0.0
556;0.0022;-0.0003;-0.0039;| || |;0.00030000000000000014;0.0;0.0
557;0.0022;-0.0006;-0.0042;| || |;0.0;-0.0003;-0.0002999999999999999
558;0.0019;-0.0003;-0.0039;| || |;-0.00030000000000000014;0.0003;0.0002999999999999999
559;0.0019;-0.0003;-0.0042;| || |;0.0;0.0;-0.0002999999999999999
560;0.0016;-0.0003;-0.0039;| || |;-0.0002999999999999999;0.0;0.0002999999999999999
561;0.0019;-0.0003;-0.0039;| || |;0.0002999999999999999;0.0;0.0
562;0.0019;-0.0003;-0.0039;| || |;0.0;0.0;0.0
563;0.0022;-0.0003;-0.0045;| || |;0.00030000000000000014;0.0;-0.0005999999999999998
564;0.0019;-0.0003;-0.0045;| || |;-0.00030000000000000014;0.0;0.0
565;0.0019;-0.0003;-0.0045;| || |;0.0;0.0;0.0
566;0.0019;-0.0003;-0.0045;| || |;0.0;0.0;0.0
567;0.0019;-0.0003;-0.0045;| || |;0.0;0.0;0.0
568;0.0019;-0.0003;-0.0045;| || |;0.0;0.0;0.0
569;0.0019;-0.0003;-0.0045;| || |;0.0;0.0;0.0
570;0.0022;-0.0006;-0.0045;| || |;0.00030000000000000014;-0.0003;0.0
571;0.0019;-0.0003;-0.0045;| || |;-0.00030000000000000014;0.0003;0.0
572;0.0019;-0.0006;-0.0045;| || |;0.0;-0.0003;0.0
573;0.0019;-0.0006;-0.0045;| || |;0.0;0.0;0.0
574;0.0022;-0.0006;-0.0045;| || |;0.00030000000000000014;0.0;0.0
575;0.0022;-0.0003;-0.0045;| || |;0.0;0.0003;0.0
576;0.0019;-0.0006;-0.0042;| || |;-0.00030000000000000014;-0.0003;0.0002999999999999999
577;0.0019;-0.0003;-0.0045;| || |;0.0;0.0003;-0.0002999999999999999
578;0.0019;-0.0006;-0.0045;| || |;0.0;-0.0003;0.0
579;0.0019;-0.0003;-0.0045;| || |;0.0;0.0003;0.0
580;0.0019;-0.0006;-0.0045;| || |;0.0;-0.0003;0.0
581;0.0019;-0.0006;-0.0045;| || |;0.0;0.0;0.0
582;0.0019;-0.0006;-0.0045;| || |;0.0;0.0;0.0
583;0.0019;-0.0006;-0.0045;| || |;0.0;0.0;0.0
584;0.0019;-0.0006;-0.0045;| || |;0.0;0.0;0.0
585;0.0019;-0.0003;-0.0045;| || |;0.0;0.0003;0.0
586;0.0016;-0.0006;-0.0045;| || |;-0.0002999999999999999;-0.0003;0.0
587;0.0016;-0.0006;-0.0045;| || |;0.0;0.0;0.0
588;0.0016;-0.0006;-0.0048;| || |;0.0;0.0;-0.0002999999999999999
589;0.0019;-0.0006;-0.0048;| || |;0.0002999999999999999;0.0;0.0
590;0.0019;-0.0006;-0.0045;| || |;0.0;0.0;0.0002999999999999999
591;0.0019;-0.0006;-0.0045;| || |;0.0;0.0;0.0
592;0.0022;-0.0006;-0.0045;| || |;0.00030000000000000014;0.0;0.0
593;0.0019;-0.0006;-0.0048;| || |;-0.00030000000000000014;0.0;-0.0002999999999999999
594;0.0019;-0.0003;-0.0045;| || |;0.0;0.0003;0.0002999999999999999
595;0.0022;-0.0006;-0.0045;| || |;0.00030000000000000014;-0.0003;0.0
596;0.0019;-0.0006;-0.0045;| || |;-0.00030000000000000014;0.0;0.0
597;0.0019;-0.0006;-0.0045;| || |;0.0;0.0;0.0
598;0.0019;-0.0003;-0.0045;| || |;0.0;0.0003;0.0
599;0.0019;-0.0003;-0.0045;| || |;0.0;0.0;0.0
600;0.0022;-0.0003;-0.0045;| || |;0.00030000000000000014;0.0;0.0
601;0.0025;-0.0009;-0.0045;| || |;0.0002999999999999999;-0.0006000000000000001;0.0
602;0.0025;-0.0009;-0.0042;| || |;0.0;0.0;0.0002999999999999999
603;0.0025;-0.0006;-0.0039;| || |;0.0;0.00030000000000000003;0.0002999999999999999
604;0.0025;-0.0003;-0.0042;| || |;0.0;0.0003;-0.0002999999999999999
605;0.0025;-0.0006;-0.0039;| || |;0.0;-0.0003;0.0002999999999999999
606;0.0028;-0.0006;-0.0042;| || |;0.0002999999999999999;0.0;-0.0002999999999999999
607;0.0025;-0.0006;-0.0042;| || |;-0.0002999999999999999;0.0;0.0
608;0.0025;-0.0003;-0.0042;| || |;0.0;0.0003;0.0
609;0.0022;-0.0;-0.0042;| || |;-0.0002999999999999999;0.0003;0.0
610;0.0022;-0.0003;-0.0042;| || |;0.0;-0.0003;0.0
611;0.0025;-0.0;-0.0042;| || |;0.0002999999999999999;0.0003;0.0
612;0.0022;-0.0003;-0.0042;| || |;-0.0002999999999999999;-0.0003;0.0
613;0.0022;-0.0003;-0.0042;| || |;0.0;0.0;0.0
614;0.0022;-0.0006;-0.0042;| || |;0.0;-0.0003;0.0
615;0.0025;-0.0006;-0.0045;| || |;0.0002999999999999999;0.0;-0.0002999999999999999
616;0.0022;-0.0006;-0.0045;| || |;-0.0002999999999999999;0.0;0.0
617;0.0022;-0.0003;-0.0042;| || |;0.0;0.0003;0.0002999999999999999
618;0.0022;-0.0006;-0.0042;| || |;0.0;-0.0003;0.0
619;0.0025;-0.0012;-0.0042;| || |;0.0002999999999999999;-0.0006;0.0
620;0.0022;-0.0006;-0.0039;| || |;-0.0002999999999999999;0.0006;0.0002999999999999999
621;0.0025;-0.0009;-0.0042;| || |;0.0002999999999999999;-0.00030000000000000003;-0.0002999999999999999
622;0.0022;-0.0009;-0.0042;| || |;-0.0002999999999999999;0.0;0.0
623;0.0022;-0.0009;-0.0042;| || |;0.0;0.0;0.0
624;0.0025;-0.0009;-0.0042;| || |;0.0002999999999999999;0.0;0.0
625;0.0025;-0.0009;-0.0042;| || |;0.0;0.0;0.0
626;0.0025;-0.0006;-0.0042;| || |;0.0;0.00030000000000000003;0.0
627;0.0025;-0.0006;-0.0042;| || |;0.0;0.0;0.0
628;0.0025;-0.0006;-0.0042;| || |;0.0;0.0;0.0
629;0.0025;-0.0003;-0.0042;| || |;0.0;0.0003;0.0
630;0.0022;-0.0003;-0.0042;| || |;-0.0002999999999999999;0.0;0.0
631;0.0022;-0.0003;-0.0045;| || |;0.0;0.0;-0.0002999999999999999
632;0.0022;-0.0006;-0.0042;| || |;0.0;-0.0003;0.0002999999999999999
633;0.0022;-0.0006;-0.0042;| || |;0.0;0.0;0.0
634;0.0019;-0.0003;-0.0039;| || |;-0.00030000000000000014;0.0003;0.0002999999999999999
635;0.0022;-0.0006;-0.0039;| || |;0.00030000000000000014;-0.0003;0.0
636;0.0022;-0.0003;-0.0039;| || |;0.0;0.0003;0.0
637;0.0025;0.0003;-0.0042;| || |;0.0002999999999999999;0.0006;-0.0002999999999999999
638;0.0025;0.0009;-0.0039;| || |;0.0;0.0006000000000000001;0.0002999999999999999
639;0.0028;0.0015;-0.0039;| || |;0.0002999999999999999;0.0006000000000000001;0.0
640;0.0022;0.0138;-0.0039;| || |;-0.0005999999999999998;0.0123;0.0
641;0.0025;0.1525;-0.0039;| || |;0.0002999999999999999;0.1387;0.0
642;0.0022;0.2782;-0.0032;| || |;-0.0002999999999999999;0.1257;0.0006999999999999997
643;0.0025;0.3034;-0.0026;| || |;0.0002999999999999999;0.0252;0.0006000000000000003
644;0.0031;0.2903;0.0003;| || |;0.0005999999999999998;-0.0131;0.0029
645;0.0034;0.2646;0.0429;| || |;0.0002999999999999999;-0.0257;0.0426
646;0.0044;0.2446;0.2195;| || |;0.0010000000000000005;-0.01999999999999999;0.1766
647;0.02;0.2362;0.326;| || |;0.0156;-0.008400000000000019;0.10650000000000001
648;0.1203;0.2316;0.35;| || |;0.1003;-0.004599999999999993;0.023999999999999966
649;0.2593;0.223;0.35;| || |;0.13899999999999996;-0.008599999999999997;0.0
650;0.3878;0.2067;0.3421;| || |;0.1285;-0.01630000000000001;-0.007899999999999963
651;0.4462;0.1868;0.3371;| || |;0.05840000000000001;-0.0199;-0.0050000000000000044
652;0.4722;0.1691;0.335;| || |;0.026000000000000023;-0.017699999999999994;-0.0020999999999999908
653;0.4777;0.1546;0.3267;| || |;0.005500000000000005;-0.014500000000000013;-0.00830000000000003
654;0.4815;0.1436;0.3079;| || |;0.00379999999999997;-0.010999999999999982;-0.018799999999999983
655;0.4891;0.1382;0.2823;| || |;0.007599999999999996;-0.005400000000000016;-0.02560000000000001
656;0.4968;0.1369;0.2547;| || |;0.00770000000000004;-0.0012999999999999956;-0.027600000000000013
657;0.5008;0.1374;0.2298;| || |;0.0040000000000000036;0.0005000000000000004;-0.024899999999999978
658;0.4998;0.1378;0.2136;| || |;-0.0010000000000000009;0.00040000000000001146;-0.016199999999999992
659;0.4939;0.1382;0.2078;| || |;-0.005900000000000016;0.0003999999999999837;-0.0058
660;0.4787;0.1382;0.2068;| || |;-0.015199999999999991;0.0;-0.0010000000000000009
661;0.464;0.1386;0.2084;| || |;-0.01469999999999999;0.00040000000000001146;0.0015999999999999903
662;0.4523;0.1394;0.2099;| || |;-0.011700000000000044;0.0007999999999999952;0.0015000000000000013
663;0.4454;0.1398;0.2115;| || |;-0.006899999999999962;0.00040000000000001146;0.0015999999999999903
664;0.4445;0.1403;0.211;| || |;-0.0009000000000000119;0.0005000000000000004;-0.0005000000000000004
665;0.448;0.1407;0.2115;| || |;0.003500000000000003;0.0003999999999999837;0.0005000000000000004
666;0.4497;0.1407;0.212;| || |;0.0016999999999999793;0.0;0.0005000000000000004
667;0.4541;0.1415;0.212;| || |;0.004400000000000015;0.0007999999999999952;0.0
668;0.4568;0.1423;0.2126;| || |;0.00269999999999998;0.0008000000000000229;0.0006000000000000172
669;0.4595;0.1419;0.2131;| || |;0.0027000000000000357;-0.00040000000000001146;0.0005000000000000004
670;0.4604;0.1419;0.2141;| || |;0.0008999999999999564;0.0;0.0010000000000000009
671;0.464;0.1419;0.2141;| || |;0.0036000000000000476;0.0;0.0
672;0.4658;0.1419;0.2141;| || |;0.0017999999999999683;0.0;0.0
673;0.4667;0.1415;0.2152;| || |;0.0009000000000000119;-0.00040000000000001146;0.0010999999999999899
674;0.4685;0.1419;0.2141;| || |;0.0018000000000000238;0.00040000000000001146;-0.0010999999999999899
675;0.4694;0.1419;0.2141;| || |;0.0008999999999999564;0.0;0.0
676;0.4713;0.1419;0.2147;| || |;0.0019000000000000128;0.0;0.0005999999999999894
677;0.4713;0.1423;0.2147;| || |;0.0;0.00040000000000001146;0.0
678;0.4731;0.1432;0.2147;| || |;0.0018000000000000238;0.0008999999999999841;0.0
679;0.475;0.1432;0.2147;| || |;0.0018999999999999573;0.0;0.0
680;0.475;0.1436;0.2152;| || |;0.0;0.00040000000000001146;0.0005000000000000004
681;0.4768;0.1461;0.2157;| || |;0.0018000000000000238;0.0025000000000000022;0.0005000000000000004
682;0.4796;0.1508;0.2157;| || |;0.0028000000000000247;0.004699999999999982;0.0
683;0.4824;0.1594;0.2173;| || |;0.002799999999999969;0.008599999999999997;0.0015999999999999903
684;0.4872;0.1868;0.2211;| || |;0.0048000000000000265;0.027400000000000008;0.003799999999999998
685;0.4988;0.2669;0.2238;| || |;0.0116;0.08010000000000003;0.002700000000000008
686;0.5356;0.3933;0.2331;| || |;0.036799999999999944;0.12639999999999996;0.009300000000000003
687;0.632;0.5087;0.26;| || |;0.09640000000000004;0.11540000000000006;0.026900000000000007
688;0.7027;0.5955;0.3315;| || |;0.07069999999999999;0.08679999999999999;0.07150000000000001
689;0.7387;0.6538;0.4471;| || |;0.03600000000000003;0.05830000000000002;0.11559999999999998
690;0.749;0.6833;0.5581;| || |;0.010299999999999976;0.02949999999999997;0.11100000000000004
691;0.7525;0.6951;0.6417;| || |;0.0034999999999999476;0.011800000000000033;0.08360000000000001
692;0.7543;0.6996;0.6881;| || |;0.0018000000000000238;0.0044999999999999485;0.0464
693;0.7525;0.6966;0.7108;| || |;-0.0018000000000000238;-0.0030000000000000027;0.022699999999999942
694;0.7473;0.6921;0.7175;| || |;-0.005199999999999982;-0.0044999999999999485;0.006700000000000039
695;0.7404;0.6847;0.7175;| || |;-0.006900000000000017;-0.007400000000000073;0.0
696;0.7387;0.6775;0.7108;| || |;-0.0016999999999999238;-0.007199999999999984;-0.006700000000000039
697;0.7387;0.6747;0.7025;| || |;0.0;-0.0028000000000000247;-0.008299999999999974
698;0.8334;0.6718;0.6929;| || |;0.0947;-0.0029000000000000137;-0.009600000000000053
699;1.6011;0.6718;0.6849;| || |;0.7676999999999999;0.0;-0.008000000000000007
700;0.7741;0.6761;0.6787;| || |;-0.827;0.0043000000000000815;-0.006199999999999983
701;1.1814;0.6804;0.6756;| || |;0.4073;0.0042999999999999705;-0.0030999999999999917
702;0.9199;0.6877;0.6741;| || |;-0.26149999999999995;0.007299999999999973;-0.0014999999999999458
703;0.6099;0.6981;0.6772;| || |;-0.31000000000000005;0.010400000000000076;0.0030999999999999917
704;0.8596;0.7056;0.6818;| || |;0.24970000000000003;0.007499999999999951;0.0045999999999999375
705;1.1158;0.7149;0.6881;| || |;0.2561999999999999;0.009299999999999975;0.006300000000000083
706;1.9991;0.7244;0.6977;| || |;0.8833000000000002;0.009500000000000064;0.009599999999999942
707;1.1366;0.7308;0.7058;| || |;-0.8625;0.006399999999999961;0.008099999999999996
708;0.7059;0.7325;0.7158;| || |;-0.4307000000000001;0.0017000000000000348;0.010000000000000009
709;0.6798;0.7244;0.7243;| || |;-0.026100000000000012;-0.008099999999999996;0.008500000000000063
710;0.6843;0.6981;0.733;| || |;0.0045000000000000595;-0.02629999999999999;0.00869999999999993
711;0.6934;0.63;0.7418;| || |;0.009099999999999997;-0.06810000000000005;0.00880000000000003
712;0.7043;0.5547;0.7418;| || |;0.01090000000000002;-0.07530000000000003;0.0
713;0.7138;0.4943;0.7365;| || |;0.009499999999999953;-0.060399999999999954;-0.005299999999999971
714;0.7236;0.4421;0.7192;| || |;0.009800000000000031;-0.052200000000000024;-0.017300000000000093
715;0.7319;0.394;0.6881;| || |;0.008299999999999974;-0.048099999999999976;-0.031099999999999905
716;0.7404;0.3514;0.6431;| || |;0.008499999999999952;-0.04260000000000003;-0.04500000000000004
717;0.749;0.3132;0.5921;| || |;0.008600000000000052;-0.03820000000000001;-0.051000000000000045
718;0.756;0.2851;0.542;| || |;0.007000000000000006;-0.02809999999999996;-0.05009999999999992
719;0.7596;0.2581;0.497;| || |;0.0036000000000000476;-0.027000000000000024;-0.04500000000000004
720;0.7614;0.2331;0.4526;| || |;0.0017999999999999128;-0.024999999999999994;-0.044399999999999995
721;0.7596;0.2145;0.4131;| || |;-0.0017999999999999128;-0.018600000000000005;-0.03949999999999998
722;0.756;0.198;0.3761;| || |;-0.0036000000000000476;-0.016499999999999987;-0.03700000000000003
723;0.7473;0.1817;0.34;| || |;-0.008700000000000041;-0.01630000000000001;-0.036099999999999965
724;0.737;0.1682;0.3079;| || |;-0.010299999999999976;-0.013500000000000012;-0.03210000000000002
725;0.722;0.1551;0.3179;| || |;-0.015000000000000013;-0.0131;0.010000000000000009
726;0.7059;0.1504;0.6518;| || |;-0.016100000000000003;-0.004699999999999982;0.33390000000000003
727;0.6888;0.1457;0.7295;| || |;-0.017100000000000004;-0.00470000000000001;0.07769999999999999
728;0.6724;0.1407;0.3219;| || |;-0.01639999999999997;-0.0050000000000000044;-0.4076
729;0.6566;0.1365;0.2455;| || |;-0.015800000000000036;-0.0041999999999999815;-0.07640000000000002
730;0.636;0.1341;0.2276;| || |;-0.02059999999999995;-0.0024000000000000132;-0.0179
731;0.6254;0.1292;0.2206;| || |;-0.010600000000000054;-0.004899999999999988;-0.007000000000000006
732;0.6163;0.1251;0.2136;| || |;-0.009099999999999997;-0.00410000000000002;-0.0069999999999999785
733;0.5889;0.1227;0.2037;| || |;-0.02739999999999998;-0.0023999999999999855;-0.00990000000000002
734;0.5609;0.1292;0.195;| || |;-0.028000000000000025;0.006500000000000006;-0.008699999999999986
735;0.5399;0.1308;0.1894;| || |;-0.020999999999999908;0.0015999999999999903;-0.005599999999999994
736;0.523;0.1235;0.1854;| || |;-0.016900000000000026;-0.007300000000000001;-0.0040000000000000036
737;0.5057;0.1113;0.181;| || |;-0.017299999999999982;-0.012200000000000003;-0.004400000000000015
738;0.4881;0.0975;0.1742;| || |;-0.01760000000000006;-0.013799999999999993;-0.0068000000000000005
739;0.4667;0.0827;0.1698;| || |;-0.021399999999999975;-0.014800000000000008;-0.004399999999999987
740;0.4419;0.0677;0.1674;| || |;-0.02479999999999999;-0.015;-0.0024000000000000132
741;0.3993;0.0535;0.196;| || |;-0.04260000000000003;-0.014199999999999997;0.028600000000000014
742;0.3472;0.0414;0.8178;| || |;-0.05209999999999998;-0.0121;0.6217999999999999
743;0.3026;0.0328;0.5735;| || |;-0.04460000000000003;-0.008599999999999997;-0.24429999999999996
744;0.2736;0.0267;0.1218;| || |;-0.02899999999999997;-0.006100000000000001;-0.4517
745;0.2421;0.0222;0.2309;| || |;-0.0315;-0.0045000000000000005;0.10909999999999999
746;0.2097;0.0191;0.6236;| || |;-0.03240000000000001;-0.003100000000000002;0.39270000000000005
747;0.18;0.0166;0.4224;| || |;-0.029700000000000004;-0.0024999999999999988;-0.20120000000000005
748;0.1482;0.0147;0.0454;| || |;-0.031799999999999995;-0.0019000000000000006;-0.377
749;0.1228;0.0125;0.0082;| || |;-0.025399999999999992;-0.002199999999999999;-0.037200000000000004
750;0.1007;0.0113;0.0036;| || |;-0.02210000000000001;-0.0012000000000000014;-0.004600000000000001
751;0.0819;0.0101;0.0023;| || |;-0.018799999999999997;-0.0011999999999999997;-0.0013
752;0.0675;0.0088;0.0013;| || |;-0.014399999999999996;-0.001299999999999999;-0.001
753;0.0567;0.0076;0.001;| || |;-0.010800000000000004;-0.0012000000000000005;-0.0002999999999999999
754;0.0483;0.0067;-0.0003;| || |;-0.008399999999999998;-0.0008999999999999998;-0.0013
755;0.0421;0.0058;-0.0013;| || |;-0.006200000000000004;-0.0009000000000000006;-0.001
756;0.0363;0.0048;-0.0016;| || |;-0.0058;-0.001;-0.00030000000000000014
757;0.0316;0.0042;-0.0019;| || |;-0.004699999999999996;-0.0005999999999999998;-0.0002999999999999999
758;0.0273;0.0036;-0.0023;| || |;-0.004300000000000002;-0.0005999999999999998;-0.00039999999999999996
759;0.0246;0.0027;-0.0029;| || |;-0.002700000000000001;-0.0008999999999999998;-0.0005999999999999998
760;0.0223;0.0024;-0.0032;| || |;-0.0023;-0.00030000000000000035;-0.00030000000000000035
761;0.0204;0.0018;-0.0035;| || |;-0.001899999999999999;-0.0005999999999999998;-0.0002999999999999999
762;0.0184;0.0012;-0.0035;| || |;-0.0020000000000000018;-0.0006000000000000001;0.0
763;0.0165;0.0009;-0.0039;| || |;-0.001899999999999999;-0.0002999999999999999;-0.00039999999999999975
764;0.0149;0.0009;-0.0042;| || |;-0.0016000000000000007;0.0;-0.0002999999999999999
765;0.0139;0.0006;-0.0042;| || |;-0.0010000000000000009;-0.00030000000000000003;0.0
766;0.0126;0.0003;-0.0045;| || |;-0.001299999999999999;-0.0003;-0.0002999999999999999
767;0.0117;-0.0;-0.0045;| || |;-0.0008999999999999998;-0.0003;0.0
768;0.0107;-0.0;-0.0045;| || |;-0.0010000000000000009;0.0;0.0
769;0.0094;-0.0;-0.0048;| || |;-0.001299999999999999;0.0;-0.0002999999999999999
770;0.0088;-0.0003;-0.0048;| || |;-0.0005999999999999998;-0.0003;0.0
771;0.0088;-0.0003;-0.0052;| || |;0.0;0.0;-0.0004000000000000002
772;0.0082;-0.0006;-0.0052;| || |;-0.0005999999999999998;-0.0003;0.0
773;0.0078;-0.0006;-0.0052;| || |;-0.00040000000000000105;0.0;0.0
774;0.0075;-0.0006;-0.0052;| || |;-0.0002999999999999999;0.0;0.0
775;0.0069;-0.0006;-0.0052;| || |;-0.0005999999999999998;0.0;0.0
776;0.0066;-0.0006;-0.0055;| || |;-0.0002999999999999999;0.0;-0.0002999999999999999
777;0.0063;-0.0006;-0.0052;| || |;-0.0002999999999999999;0.0;0.0002999999999999999
778;0.0063;-0.0009;-0.0055;| || |;0.0;-0.00030000000000000003;-0.0002999999999999999
779;0.0059;-0.0006;-0.0055;| || |;-0.0004000000000000002;0.00030000000000000003;0.0
780;0.0059;-0.0006;-0.0055;| || |;0.0;0.0;0.0
781;0.0059;-0.0006;-0.0055;| || |;0.0;0.0;0.0
782;0.0056;-0.0006;-0.0055;| || |;-0.0002999999999999999;0.0;0.0
783;0.0056;-0.0006;-0.0058;| || |;0.0;0.0;-0.0002999999999999999
784;0.0056;-0.0009;-0.0058;| || |;0.0;-0.00030000000000000003;0.0
785;0.0056;-0.0009;-0.0058;| || |;0.0;0.0;0.0
786;0.0053;-0.0009;-0.0055;| || |;-0.0002999999999999999;0.0;0.0002999999999999999
787;0.005;-0.0009;-0.0058;| || |;-0.0002999999999999999;0.0;-0.0002999999999999999
788;0.0053;-0.0009;-0.0055;| || |;0.0002999999999999999;0.0;0.0002999999999999999
789;0.0053;-0.0009;-0.0058;| || |;0.0;0.0;-0.0002999999999999999
790;0.005;-0.0009;-0.0058;| || |;-0.0002999999999999999;0.0;0.0
791;0.0053;-0.0009;-0.0055;| || |;0.0002999999999999999;0.0;0.0002999999999999999
792;0.005;-0.0009;-0.0055;| || |;-0.0002999999999999999;0.0;0.0
793;0.0053;-0.0009;-0.0055;| || |;0.0002999999999999999;0.0;0.0
794;0.0053;-0.0009;-0.0055;| || |;0.0;0.0;0.0
795;0.0053;-0.0009;-0.0058;| || |;0.0;0.0;-0.0002999999999999999
796;0.0056;-0.0009;-0.0055;| || |;0.0002999999999999999;0.0;0.0002999999999999999
797;0.0053;-0.0009;-0.0055;| || |;-0.0002999999999999999;0.0;0.0
798;0.0053;-0.0012;-0.0055;| || |;0.0;-0.0002999999999999999;0.0
799;0.0053;-0.0009;-0.0058;| || |;0.0;0.0002999999999999999;-0.0002999999999999999
800;0.0047;-0.0009;-0.0058;| || |;-0.0005999999999999998;0.0;0.0
801;0.005;-0.0006;-0.0058;| || |;0.0002999999999999999;0.00030000000000000003;0.0
802;0.005;-0.0009;-0.0058;| || |;0.0;-0.00030000000000000003;0.0
803;0.005;-0.0009;-0.0058;| || |;0.0;0.0;0.0
804;0.005;-0.0009;-0.0058;| || |;0.0;0.0;0.0
805;0.005;-0.0009;-0.0061;| || |;0.0;0.0;-0.0003000000000000008
806;0.0056;-0.0006;-0.0058;| || |;0.0005999999999999998;0.00030000000000000003;0.0003000000000000008
807;0.0053;-0.0006;-0.0058;| || |;-0.0002999999999999999;0.0;0.0
808;0.0053;-0.0009;-0.0058;| || |;0.0;-0.00030000000000000003;0.0
809;0.005;-0.0009;-0.0058;| || |;-0.0002999999999999999;0.0;0.0
810;0.0053;-0.0012;-0.0061;| || |;0.0002999999999999999;-0.0002999999999999999;-0.0003000000000000008
811;0.0053;-0.0006;-0.0061;| || |;0.0;0.0006;0.0
812;0.005;-0.0009;-0.0058;| || |;-0.0002999999999999999;-0.00030000000000000003;0.0003000000000000008
813;0.005;-0.0009;-0.0061;| || |;0.0;0.0;-0.0003000000000000008
814;0.005;-0.0012;-0.0058;| || |;0.0;-0.0002999999999999999;0.0003000000000000008
815;0.005;-0.0009;-0.0058;| || |;0.0;0.0002999999999999999;0.0
816;0.005;-0.0009;-0.0058;| || |;0.0;0.0;0.0
817;0.005;-0.0009;-0.0061;| || |;0.0;0.0;-0.0003000000000000008
818;0.005;-0.0009;-0.0058;| || |;0.0;0.0;0.0003000000000000008
819;0.005;-0.0006;-0.0058;| || |;0.0;0.00030000000000000003;0.0
820;0.005;-0.0006;-0.0058;| || |;0.0;0.0;0.0
821;0.005;-0.0009;-0.0058;| || |;0.0;-0.00030000000000000003;0.0
822;0.005;-0.0009;-0.0058;| || |;0.0;0.0;0.0
823;0.005;-0.0009;-0.0058;| || |;0.0;0.0;0.0
824;0.005;-0.0006;-0.0058;| || |;0.0;0.00030000000000000003;0.0
825;0.005;-0.0009;-0.0061;| || |;0.0;-0.00030000000000000003;-0.0003000000000000008
826;0.005;-0.0006;-0.0061;| || |;0.0;0.00030000000000000003;0.0
827;0.005;-0.0009;-0.0061;| || |;0.0;-0.00030000000000000003;0.0
828;0.0053;-0.0006;-0.0061;| || |;0.0002999999999999999;0.00030000000000000003;0.0
829;0.005;-0.0006;-0.0058;| || |;-0.0002999999999999999;0.0;0.0003000000000000008
830;0.005;-0.0006;-0.0058;| || |;0.0;0.0;0.0
831;0.005;-0.0006;-0.0058;| || |;0.0;0.0;0.0
832;0.0047;-0.0006;-0.0058;| || |;-0.0002999999999999999;0.0;0.0
833;0.005;-0.0006;-0.0058;| || |;0.0002999999999999999;0.0;0.0
834;0.005;-0.0006;-0.0061;| || |;0.0;0.0;-0.0003000000000000008
835;0.0053;-0.0009;-0.0061;| || |;0.0002999999999999999;-0.00030000000000000003;0.0
836;0.005;-0.0009;-0.0058;| || |;-0.0002999999999999999;0.0;0.0003000000000000008
837;0.005;-0.0009;-0.0061;| || |;0.0;0.0;-0.0003000000000000008
838;0.005;-0.0009;-0.0058;| || |;0.0;0.0;0.0003000000000000008
839;0.005;-0.0009;-0.0061;| || |;0.0;0.0;-0.0003000000000000008
840;0.005;-0.0006;-0.0061;| || |;0.0;0.00030000000000000003;0.0
841;0.005;-0.0009;-0.0061;| || |;0.0;-0.00030000000000000003;0.0
842;0.0047;-0.0009;-0.0061;| || |;-0.0002999999999999999;0.0;0.0
843;0.0047;-0.0006;-0.0061;| || |;0.0;0.00030000000000000003;0.0
844;0.005;-0.0006;-0.0061;| || |;0.0002999999999999999;0.0;0.0
845;0.005;-0.0009;-0.0061;| || |;0.0;-0.00030000000000000003;0.0
846;0.0047;-0.0006;-0.0061;| || |;-0.0002999999999999999;0.00030000000000000003;0.0
847;0.005;-0.0009;-0.0061;| || |;0.0002999999999999999;-0.00030000000000000003;0.0
848;0.0053;-0.0006;-0.0061;| || |;0.0002999999999999999;0.00030000000000000003;0.0
849;0.0053;-0.0006;-0.0061;| || |;0.0;0.0;0.0
850;0.005;-0.0006;-0.0058;| || |;-0.0002999999999999999;0.0;0.0003000000000000008
851;0.005;-0.0009;-0.0061;| || |;0.0;-0.00030000000000000003;-0.0003000000000000008
852;0.005;-0.0006;-0.0058;| || |;0.0;0.00030000000000000003;0.0003000000000000008
853;0.005;-0.0003;-0.0061;| || |;0.0;0.0003;-0.0003000000000000008
854;0.005;-0.0006;-0.0061;| || |;0.0;-0.0003;0.0
855;0.005;-0.0006;-0.0061;| || |;0.0;0.0;0.0
856;0.0053;-0.0009;-0.0061;| || |;0.0002999999999999999;-0.00030000000000000003;0.0
857;0.0053;-0.0006;-0.0064;| || |;0.0;0.00030000000000000003;-0.0002999999999999999
858;0.005;-0.0009;-0.0061;| || |;-0.0002999999999999999;-0.00030000000000000003;0.0002999999999999999
859;0.0053;-0.0009;-0.0061;| || |;0.0002999999999999999;0.0;0.0
860;0.0053;-0.0009;-0.0061;| || |;0.0;0.0;0.0
861;0.005;-0.0009;-0.0061;| || |;-0.0002999999999999999;0.0;0.0
862;0.005;-0.0006;-0.0061;| || |;0.0;0.00030000000000000003;0.0
863;0.005;-0.0006;-0.0058;| || |;0.0;0.0;0.0003000000000000008
864;0.0047;-0.0009;-0.0061;| || |;-0.0002999999999999999;-0.00030000000000000003;-0.0003000000000000008
865;0.0047;-0.0009;-0.0058;| || |;0.0;0.0;0.0003000000000000008
866;0.005;-0.0006;-0.0061;| || |;0.0002999999999999999;0.00030000000000000003;-0.0003000000000000008
867;0.005;-0.0006;-0.0061;| || |;0.0;0.0;0.0
868;0.005;-0.0009;-0.0064;| || |;0.0;-0.00030000000000000003;-0.0002999999999999999
869;0.0053;-0.0006;-0.0061;| || |;0.0002999999999999999;0.00030000000000000003;0.0002999999999999999
870;0.0053;-0.0006;-0.0061;| || |;0.0;0.0;0.0
871;0.005;-0.0006;-0.0061;| || |;-0.0002999999999999999;0.0;0.0
872;0.005;-0.0009;-0.0064;| || |;0.0;-0.00030000000000000003;-0.0002999999999999999
873;0.005;-0.0009;-0.0061;| || |;0.0;0.0;0.0002999999999999999
874;0.0053;-0.0006;-0.0064;| || |;0.0002999999999999999;0.00030000000000000003;-0.0002999999999999999
875;0.0053;-0.0006;-0.0061;| || |;0.0;0.0;0.0002999999999999999
876;0.0053;-0.0006;-0.0061;| || |;0.0;0.0;0.0
877;0.0053;-0.0006;-0.0061;| || |;0.0;0.0;0.0
878;0.0053;-0.0006;-0.0061;| || |;0.0;0.0;0.0
879;0.0053;-0.0006;-0.0061;| || |;0.0;0.0;0.0
880;0.0053;-0.0006;-0.0061;| || |;0.0;0.0;0.0
881;0.0053;-0.0006;-0.0061;| || |;0.0;0.0;0.0
882;0.0053;-0.0006;-0.0061;| || |;0.0;0.0;0.0
883;0.005;-0.0006;-0.0061;| || |;-0.0002999999999999999;0.0;0.0
884;0.005;-0.0006;-0.0061;| || |;0.0;0.0;0.0
885;0.0053;-0.0009;-0.0061;| || |;0.0002999999999999999;-0.00030000000000000003;0.0
886;0.0053;-0.0006;-0.0061;| || |;0.0;0.00030000000000000003;0.0
887;0.005;-0.0006;-0.0061;| || |;-0.0002999999999999999;0.0;0.0
888;0.005;-0.0006;-0.0061;| || |;0.0;0.0;0.0
889;0.005;-0.0006;-0.0061;| || |;0.0;0.0;0.0
890;0.005;-0.0003;-0.0064;| || |;0.0;0.0003;-0.0002999999999999999
891;0.005;-0.0006;-0.0061;| || |;0.0;-0.0003;0.0002999999999999999
892;0.0053;-0.0006;-0.0061;| || |;0.0002999999999999999;0.0;0.0
893;0.005;-0.0006;-0.0061;| || |;-0.0002999999999999999;0.0;0.0
894;0.0053;-0.0006;-0.0061;| || |;0.0002999999999999999;0.0;0.0
895;0.005;-0.0006;-0.0061;| || |;-0.0002999999999999999;0.0;0.0
896;0.005;-0.0009;-0.0064;| || |;0.0;-0.00030000000000000003;-0.0002999999999999999
897;0.0053;-0.0006;-0.0064;| || |;0.0002999999999999999;0.00030000000000000003;0.0
898;0.005;-0.0006;-0.0064;| || |;-0.0002999999999999999;0.0;0.0
899;0.0053;-0.0009;-0.0061;| || |;0.0002999999999999999;-0.00030000000000000003;0.0002999999999999999
900;0.0053;-0.0006;-0.0061;| || |;0.0;0.00030000000000000003;0.0
901;0.0053;-0.0009;-0.0064;| || |;0.0;-0.00030000000000000003;-0.0002999999999999999
902;0.0056;-0.0009;-0.0061;| || |;0.0002999999999999999;0.0;0.0002999999999999999
903;0.0053;-0.0006;-0.0061;| || |;-0.0002999999999999999;0.00030000000000000003;0.0
904;0.0053;-0.0006;-0.0064;| || |;0.0;0.0;-0.0002999999999999999
905;0.0053;-0.0006;-0.0064;| || |;0.0;0.0;0.0
906;0.0056;-0.0006;-0.0064;| || |;0.0002999999999999999;0.0;0.0
907;0.0056;-0.0006;-0.0061;| || |;0.0;0.0;0.0002999999999999999
908;0.0056;-0.0006;-0.0064;| || |;0.0;0.0;-0.0002999999999999999
909;0.0053;-0.0009;-0.0064;| || |;-0.0002999999999999999;-0.00030000000000000003;0.0
910;0.0053;-0.0006;-0.0064;| || |;0.0;0.00030000000000000003;0.0
911;0.0053;-0.0009;-0.0061;| || |;0.0;-0.00030000000000000003;0.0002999999999999999
912;0.0053;-0.0006;-0.0064;| || |;0.0;0.00030000000000000003;-0.0002999999999999999
913;0.0056;-0.0006;-0.0061;| || |;0.0002999999999999999;0.0;0.0002999999999999999
914;0.0056;-0.0006;-0.0064;| || |;0.0;0.0;-0.0002999999999999999
915;0.0053;-0.0009;-0.0061;| || |;-0.0002999999999999999;-0.00030000000000000003;0.0002999999999999999
916;0.0053;-0.0006;-0.0064;| || |;0.0;0.00030000000000000003;-0.0002999999999999999
917;0.0053;-0.0006;-0.0064;| || |;0.0;0.0;0.0
918;0.0053;-0.0006;-0.0064;| || |;0.0;0.0;0.0
919;0.0056;-0.0003;-0.0064;| || |;0.0002999999999999999;0.0003;0.0
920;0.0053;-0.0006;-0.0064;| || |;-0.0002999999999999999;-0.0003;0.0
921;0.0053;-0.0003;-0.0061;| || |;0.0;0.0003;0.0002999999999999999
922;0.0053;-0.0003;-0.0064;| || |;0.0;0.0;-0.0002999999999999999
923;0.005;-0.0006;-0.0064;| || |;-0.0002999999999999999;-0.0003;0.0
924;0.005;-0.0006;-0.0064;| || |;0.0;0.0;0.0
925;0.0053;-0.0006;-0.0064;| || |;0.0002999999999999999;0.0;0.0
926;0.0053;-0.0006;-0.0064;| || |;0.0;0.0;0.0
927;0.0053;-0.0009;-0.0064;| || |;0.0;-0.00030000000000000003;0.0
928;0.0053;-0.0009;-0.0067;| || |;0.0;0.0;-0.0002999999999999999
929;0.0053;-0.0006;-0.0067;| || |;0.0;0.00030000000000000003;0.0
930;0.0053;-0.0009;-0.0064;| || |;0.0;-0.00030000000000000003;0.0002999999999999999
931;0.0053;-0.0006;-0.0064;| || |;0.0;0.00030000000000000003;0.0
932;0.0053;-0.0006;-0.0064;| || |;0.0;0.0;0.0
933;0.0053;-0.0006;-0.0064;| || |;0.0;0.0;0.0
934;0.0053;-0.0006;-0.0064;| || |;0.0;0.0;0.0
935;0.0053;-0.0006;-0.0064;| || |;0.0;0.0;0.0
936;0.0053;-0.0003;-0.0064;| || |;0.0;0.0003;0.0
937;0.0053;-0.0003;-0.0067;| || |;0.0;0.0;-0.0002999999999999999
938;0.0056;-0.0006;-0.0064;| || |;0.0002999999999999999;-0.0003;0.0002999999999999999
939;0.0056;-0.0006;-0.0064;| || |;0.0;0.0;0.0
940;0.0053;-0.0006;-0.0067;| || |;-0.0002999999999999999;0.0;-0.0002999999999999999
941;0.0056;-0.0006;-0.0067;| || |;0.0002999999999999999;0.0;0.0
942;0.0056;-0.0006;-0.0067;| || |;0.0;0.0;0.0
943;0.0053;-0.0006;-0.0064;| || |;-0.0002999999999999999;0.0;0.0002999999999999999
944;0.0053;-0.0006;-0.0067;| || |;0.0;0.0;-0.0002999999999999999
945;0.0053;-0.0006;-0.0067;| || |;0.0;0.0;0.0
946;0.005;-0.0006;-0.0064;| || |;-0.0002999999999999999;0.0;0.0002999999999999999
947;0.0053;-0.0003;-0.0064;| || |;0.0002999999999999999;0.0003;0.0
948;0.0053;-0.0006;-0.0064;| || |;0.0;-0.0003;0.0
949;0.0053;-0.0006;-0.0067;| || |;0.0;0.0;-0.0002999999999999999
950;0.0056;-0.0006;-0.0067;| || |;0.0002999999999999999;0.0;0.0
951;0.0053;-0.0006;-0.0067;| || |;-0.0002999999999999999;0.0;0.0
952;0.0056;-0.0009;-0.0067;| || |;0.0002999999999999999;-0.00030000000000000003;0.0
953;0.0053;-0.0006;-0.0067;| || |;-0.0002999999999999999;0.00030000000000000003;0.0
954;0.0053;-0.0006;-0.0067;| || |;0.0;0.0;0.0
955;0.0056;-0.0009;-0.0067;| || |;0.0002999999999999999;-0.00030000000000000003;0.0
956;0.0056;-0.0006;-0.0067;| || |;0.0;0.00030000000000000003;0.0
957;0.0059;-0.0006;-0.0067;| || |;0.0002999999999999999;0.0;0.0
958;0.0053;-0.0006;-0.0067;| || |;-0.0005999999999999998;0.0;0.0
959;0.0053;-0.0006;-0.0064;| || |;0.0;0.0;0.0002999999999999999
960;0.0053;-0.0006;-0.0067;| || |;0.0;0.0;-0.0002999999999999999
961;0.0053;-0.0006;-0.0067;| || |;0.0;0.0;0.0
962;0.0053;-0.0006;-0.0067;| || |;0.0;0.0;0.0
963;0.0053;-0.0009;-0.0067;| || |;0.0;-0.00030000000000000003;0.0
964;0.0053;-0.0006;-0.0071;| || |;0.0;0.00030000000000000003;-0.0004000000000000002
965;0.0056;-0.0006;-0.0071;| || |;0.0002999999999999999;0.0;0.0
966;0.0053;-0.0006;-0.0067;| || |;-0.0002999999999999999;0.0;0.0004000000000000002
967;0.0056;-0.0009;-0.0067;| || |;0.0002999999999999999;-0.00030000000000000003;0.0
968;0.0056;-0.0006;-0.0067;| || |;0.0;0.00030000000000000003;0.0
969;0.0053;-0.0006;-0.0067;| || |;-0.0002999999999999999;0.0;0.0
970;0.0053;-0.0006;-0.0067;| || |;0.0;0.0;0.0
971;0.0053;-0.0006;-0.0067;| || |;0.0;0.0;0.0
972;0.0053;-0.0006;-0.0071;| || |;0.0;0.0;-0.0004000000000000002
973;0.0053;-0.0009;-0.0067;| || |;0.0;-0.00030000000000000003;0.0004000000000000002
974;0.005;-0.0006;-0.0067;| || |;-0.0002999999999999999;0.00030000000000000003;0.0
975;0.0053;-0.0006;-0.0067;| || |;0.0002999999999999999;0.0;0.0
976;0.0053;-0.0009;-0.0067;| || |;0.0;-0.00030000000000000003;0.0
977;0.0056;-0.0009;-0.0067;| || |;0.0002999999999999999;0.0;0.0
978;0.0056;-0.0009;-0.0067;| || |;0.0;0.0;0.0
979;0.0053;-0.0003;-0.0067;| || |;-0.0002999999999999999;0.0006000000000000001;0.0
980;0.0053;-0.0003;-0.0067;| || |;0.0;0.0;0.0
981;0.0053;-0.0006;-0.0071;| || |;0.0;-0.0003;-0.0004000000000000002
982;0.0053;-0.0006;-0.0067;| || |;0.0;0.0;0.0004000000000000002
983;0.0053;-0.0006;-0.0071;| || |;0.0;0.0;-0.0004000000000000002
984;0.0053;-0.0009;-0.0071;| || |;0.0;-0.00030000000000000003;0.0
985;0.005;-0.0009;-0.0071;| || |;-0.0002999999999999999;0.0;0.0
986;0.005;-0.0009;-0.0067;| || |;0.0;0.0;0.0004000000000000002
987;0.0053;-0.0006;-0.0067;| || |;0.0002999999999999999;0.00030000000000000003;0.0
988;0.005;-0.0006;-0.0071;| || |;-0.0002999999999999999;0.0;-0.0004000000000000002
989;0.005;-0.0009;-0.0074;| || |;0.0;-0.00030000000000000003;-0.0002999999999999999
990;0.0053;-0.0006;-0.0077;| || |;0.0002999999999999999;0.00030000000000000003;-0.0002999999999999999
991;0.0053;-0.0006;-0.0074;| || |;0.0;0.0;0.0002999999999999999
992;0.0053;-0.0009;-0.0074;| || |;0.0;-0.00030000000000000003;0.0
993;0.0053;-0.0006;-0.0074;| || |;0.0;0.00030000000000000003;0.0
994;0.0053;-0.0009;-0.0074;| || |;0.0;-0.00030000000000000003;0.0
995;0.0053;-0.0009;-0.0074;| || |;0.0;0.0;0.0
996;0.0056;-0.0009;-0.0074;| || |;0.0002999999999999999;0.0;0.0
997;0.0053;-0.0009;-0.0074;| || |;-0.0002999999999999999;0.0;0.0
998;0.0053;-0.0009;-0.0074;| || |;0.0;0.0;0.0
999;0.0056;-0.0006;-0.0074;| || |;0.0002999999999999999;0.00030000000000000003;0.0
1000;0.0053;-0.0009;-0.0077;| || |;-0.0002999999999999999;-0.00030000000000000003;-0.0002999999999999999
1001;0.0053;-0.0009;-0.0074;| || |;0.0;0.0;0.0002999999999999999
1002;0.0053;-0.0009;-0.0074;| || |;0.0;0.0;0.0
1003;0.0053;-0.0009;-0.0074;| || |;0.0;0.0;0.0
1004;0.0053;-0.0009;-0.0074;| || |;0.0;0.0;0.0
1005;0.0053;-0.0009;-0.0074;| || |;0.0;0.0;0.0
1006;0.0056;-0.0012;-0.0074;| || |;0.0002999999999999999;-0.0002999999999999999;0.0
1007;0.0053;-0.0009;-0.0077;| || |;-0.0002999999999999999;0.0002999999999999999;-0.0002999999999999999
1008;0.0053;-0.0009;-0.0077;| || |;0.0;0.0;0.0
1009;0.0053;-0.0009;-0.0074;| || |;0.0;0.0;0.0002999999999999999
1010;0.0053;-0.0012;-0.0074;| || |;0.0;-0.0002999999999999999;0.0
1011;0.0056;-0.0009;-0.0074;| || |;0.0002999999999999999;0.0002999999999999999;0.0
1012;0.0053;-0.0009;-0.0074;| || |;-0.0002999999999999999;0.0;0.0
1013;0.0053;-0.0012;-0.0074;| || |;0.0;-0.0002999999999999999;0.0
1014;0.0056;-0.0012;-0.0077;| || |;0.0002999999999999999;0.0;-0.0002999999999999999
1015;0.0053;-0.0009;-0.0074;| || |;-0.0002999999999999999;0.0002999999999999999;0.0002999999999999999
1016;0.0053;-0.0009;-0.0077;| || |;0.0;0.0;-0.0002999999999999999
1017;0.0053;-0.0009;-0.0074;| || |;0.0;0.0;0.0002999999999999999
1018;0.0053;-0.0009;-0.0077;| || |;0.0;0.0;-0.0002999999999999999
1019;0.0053;-0.0009;-0.0077;| || |;0.0;0.0;0.0
1020;0.0053;-0.0012;-0.0077;| || |;0.0;-0.0002999999999999999;0.0
1021;0.005;-0.0009;-0.0077;| || |;-0.0002999999999999999;0.0002999999999999999;0.0
1022;0.005;-0.0012;-0.0074;| || |;0.0;-0.0002999999999999999;0.0002999999999999999
1023;0.0053;-0.0009;-0.0077;| || |;0.0002999999999999999;0.0002999999999999999;-0.0002999999999999999
1024;0.0053;-0.0009;-0.008;| || |;0.0;0.0;-0.0002999999999999999
1025;0.0053;-0.0009;-0.0077;| || |;0.0;0.0;0.0002999999999999999
1026;0.0053;-0.0009;-0.0074;| || |;0.0;0.0;0.0002999999999999999
1027;0.0053;-0.0012;-0.0077;| || |;0.0;-0.0002999999999999999;-0.0002999999999999999
1028;0.0053;-0.0012;-0.0077;| || |;0.0;0.0;0.0
1029;0.0053;-0.0012;-0.0077;| || |;0.0;0.0;0.0
1030;0.0053;-0.0009;-0.0077;| || |;0.0;0.0002999999999999999;0.0
1031;0.0056;-0.0012;-0.008;| || |;0.0002999999999999999;-0.0002999999999999999;-0.0002999999999999999
1032;0.0056;-0.0012;-0.0077;| || |;0.0;0.0;0.0002999999999999999
1033;0.0053;-0.0012;-0.0077;| || |;-0.0002999999999999999;0.0;0.0
1034;0.0053;-0.0009;-0.0077;| || |;0.0;0.0002999999999999999;0.0
1035;0.0053;-0.0009;-0.0077;| || |;0.0;0.0;0.0
1036;0.0053;-0.0012;-0.0077;| || |;0.0;-0.0002999999999999999;0.0
1037;0.0053;-0.0009;-0.0074;| || |;0.0;0.0002999999999999999;0.0002999999999999999
1038;0.0053;-0.0009;-0.0077;| || |;0.0;0.0;-0.0002999999999999999
1039;0.0053;-0.0009;-0.0074;| || |;0.0;0.0;0.0002999999999999999
1040;0.0053;-0.0012;-0.0074;| || |;0.0;-0.0002999999999999999;0.0
1041;0.0053;-0.0009;-0.0077;| || |;0.0;0.0002999999999999999;-0.0002999999999999999
1042;0.0053;-0.0009;-0.0077;| || |;0.0;0.0;0.0
1043;0.0053;-0.0012;-0.0077;| || |;0.0;-0.0002999999999999999;0.0
1044;0.0053;-0.0009;-0.0077;| || |;0.0;0.0002999999999999999;0.0
1045;0.0053;-0.0009;-0.0077;| || |;0.0;0.0;0.0
1046;0.0053;-0.0009;-0.0074;| || |;0.0;0.0;0.0002999999999999999
1047;0.0053;-0.0006;-0.0077;| || |;0.0;0.00030000000000000003;-0.0002999999999999999
1048;0.0053;-0.0003;-0.0077;| || |;0.0;0.0003;0.0
1049;0.0056;-0.0006;-0.0077;| || |;0.0002999999999999999;-0.0003;0.0
1050;0.0056;-0.0006;-0.0074;| || |;0.0;0.0;0.0002999999999999999
1051;0.0056;-0.0006;-0.0074;| || |;0.0;0.0;0.0
1052;0.0059;-0.0006;-0.0074;| || |;0.0002999999999999999;0.0;0.0
1053;0.0056;-0.0;-0.0074;| || |;-0.0002999999999999999;0.0006;0.0
1054;0.0056;0.0006;-0.0074;| || |;0.0;0.0006;0.0
1055;0.0056;0.0009;-0.0074;| || |;0.0;0.00030000000000000003;0.0
1056;0.0056;0.007;-0.0071;| || |;0.0;0.0061;0.0002999999999999999
1057;0.0056;0.0538;-0.0071;| || |;0.0;0.0468;0.0
1058;0.0056;0.2086;-0.0071;| || |;0.0;0.1548;0.0
1059;0.0056;0.3108;-0.0064;| || |;0.0;0.10220000000000001;0.0007000000000000001
1060;0.0059;0.3421;-0.0048;| || |;0.0002999999999999999;0.031299999999999994;0.0016000000000000007
1061;0.0069;0.2939;0.0052;| || |;0.001;-0.04820000000000002;0.009999999999999998
1062;0.0117;0.2586;0.0916;| || |;0.0048000000000000004;-0.0353;0.0864
1063;0.0722;0.2467;0.2073;| || |;0.0605;-0.011899999999999994;0.11570000000000001
1064;0.2399;0.2452;0.3879;| || |;0.16770000000000002;-0.0015000000000000013;0.1806
1065;0.3863;0.2409;0.4507;| || |;0.14639999999999997;-0.004299999999999998;0.06279999999999997
1066;0.4604;0.228;0.4285;| || |;0.0741;-0.012899999999999995;-0.022199999999999998
1067;0.4853;0.2081;0.3785;| || |;0.024900000000000033;-0.0199;-0.04999999999999999
1068;0.4759;0.1863;0.3219;| || |;-0.00940000000000002;-0.021800000000000014;-0.056599999999999984
1069;0.4621;0.1664;0.283;| || |;-0.013799999999999979;-0.0199;-0.038900000000000046
1070;0.4497;0.1491;0.2623;| || |;-0.012400000000000022;-0.017299999999999982;-0.020699999999999996
1071;0.4462;0.1411;0.2506;| || |;-0.003500000000000003;-0.008000000000000007;-0.011699999999999988
1072;0.4402;0.1382;0.2364;| || |;-0.006000000000000005;-0.0029000000000000137;-0.01419999999999999
1073;0.4368;0.1382;0.2222;| || |;-0.0033999999999999586;0.0;-0.01419999999999999
1074;0.4359;0.1386;0.2094;| || |;-0.0009000000000000119;0.00040000000000001146;-0.012800000000000006
1075;0.4368;0.1394;0.2011;| || |;0.0009000000000000119;0.0007999999999999952;-0.008300000000000002
1076;0.4393;0.139;0.1995;| || |;0.0025000000000000022;-0.0003999999999999837;-0.0015999999999999903
1077;0.4419;0.1398;0.2001;| || |;0.002599999999999991;0.0007999999999999952;0.0005999999999999894
1078;0.4454;0.1398;0.2011;| || |;0.003500000000000003;0.0;0.0010000000000000009
1079;0.4497;0.1403;0.2026;| || |;0.0042999999999999705;0.0005000000000000004;0.0015000000000000013
1080;0.4541;0.1407;0.2031;| || |;0.004400000000000015;0.0003999999999999837;0.0005000000000000004
1081;0.4568;0.1411;0.2037;| || |;0.00269999999999998;0.00040000000000001146;0.0005999999999999894
1082;0.4595;0.1403;0.2047;| || |;0.0027000000000000357;-0.0007999999999999952;0.0010000000000000009
1083;0.4604;0.1398;0.2052;| || |;0.0008999999999999564;-0.0005000000000000004;0.0005000000000000004
1084;0.4621;0.1403;0.2052;| || |;0.0017000000000000348;0.0005000000000000004;0.0
1085;0.4649;0.1407;0.2063;| || |;0.002799999999999969;0.0003999999999999837;0.0011000000000000176
1086;0.4658;0.1411;0.2073;| || |;0.0009000000000000119;0.00040000000000001146;0.0010000000000000009
1087;0.4667;0.1419;0.2084;| || |;0.0009000000000000119;0.0007999999999999952;0.0010999999999999899
1088;0.4676;0.1415;0.2089;| || |;0.0009000000000000119;-0.00040000000000001146;0.0005000000000000004
1089;0.4694;0.1415;0.2089;| || |;0.0017999999999999683;0.0;0.0
1090;0.4703;0.1419;0.2094;| || |;0.0009000000000000119;0.00040000000000001146;0.0005000000000000004
1091;0.4703;0.1423;0.2099;| || |;0.0;0.00040000000000001146;0.0005000000000000004
1092;0.4722;0.1419;0.2099;| || |;0.0019000000000000128;-0.00040000000000001146;0.0
1093;0.4731;0.1428;0.2099;| || |;0.0009000000000000119;0.0009000000000000119;0.0
1094;0.4731;0.1428;0.2104;| || |;0.0;0.0;0.0005000000000000004
1095;0.4731;0.1436;0.2115;| || |;0.0;0.0007999999999999952;0.0010999999999999899
1096;0.474;0.1436;0.2115;| || |;0.0008999999999999564;0.0;0.0
1097;0.4759;0.1449;0.2115;| || |;0.0019000000000000128;0.0012999999999999956;0.0
1098;0.4768;0.1474;0.2126;| || |;0.0009000000000000119;0.0025000000000000022;0.0011000000000000176
1099;0.4777;0.1546;0.2136;| || |;0.0009000000000000119;0.007199999999999984;0.0010000000000000009
1100;0.4806;0.1749;0.2136;| || |;0.0029000000000000137;0.020300000000000012;0.0
1101;0.4834;0.2311;0.2163;| || |;0.002799999999999969;0.0562;0.00269999999999998
1102;0.4862;0.3474;0.2222;| || |;0.0028000000000000247;0.11629999999999999;0.005900000000000016
1103;0.4939;0.4953;0.2381;| || |;0.007699999999999985;0.14790000000000003;0.015899999999999997
1104;0.5077;0.6039;0.2725;| || |;0.013800000000000034;0.10859999999999997;0.034400000000000014
1105;0.541;0.662;0.3435;| || |;0.033299999999999996;0.05810000000000004;0.07100000000000001
1106;0.6036;0.6877;0.4498;| || |;0.06259999999999999;0.025699999999999945;0.10629999999999995
1107;0.6754;0.6966;0.5616;| || |;0.07179999999999997;0.008900000000000019;0.11180000000000001
1108;0.722;0.6996;0.6489;| || |;0.046599999999999975;0.0030000000000000027;0.08730000000000004
1109;0.7438;0.6951;0.6945;| || |;0.02180000000000004;-0.0044999999999999485;0.045599999999999974
1110;0.7543;0.6877;0.7125;| || |;0.010499999999999954;-0.007400000000000073;0.018000000000000016
1111;0.7578;0.679;0.7175;| || |;0.0035000000000000586;-0.00869999999999993;0.0050000000000000044
1112;0.7543;0.6718;0.7158;| || |;-0.0035000000000000586;-0.007200000000000095;-0.0017000000000000348
1113;0.749;0.6676;0.7091;| || |;-0.005299999999999971;-0.0041999999999999815;-0.006700000000000039
1114;0.7404;0.6648;0.7009;| || |;-0.008600000000000052;-0.0028000000000000247;-0.008199999999999985
1115;0.7302;0.6648;0.6929;| || |;-0.010199999999999987;0.0;-0.008000000000000007
1116;0.7187;0.669;0.6849;| || |;-0.011499999999999955;0.0042000000000000925;-0.008000000000000007
1117;0.709;0.6747;0.6803;| || |;-0.009700000000000042;0.005699999999999927;-0.0045999999999999375
1118;0.6996;0.6818;0.6772;| || |;-0.009399999999999964;0.007099999999999995;-0.0030999999999999917
1119;0.6904;0.6906;0.6772;| || |;-0.009199999999999986;0.00880000000000003;0.0
1120;0.6843;0.7011;0.6772;| || |;-0.006099999999999994;0.010499999999999954;0.0
1121;0.6828;0.7134;0.6803;| || |;-0.0015000000000000568;0.012300000000000089;0.0030999999999999917
1122;0.6828;0.7228;0.6881;| || |;0.0;0.009399999999999964;0.007800000000000029
1123;0.6843;0.7308;0.6945;| || |;0.0015000000000000568;0.008000000000000007;0.006399999999999961
1124;0.6888;0.7292;0.7042;| || |;0.0044999999999999485;-0.0016000000000000458;0.009700000000000042
1125;0.698;0.7134;0.7108;| || |;0.009199999999999986;-0.015799999999999925;0.006599999999999939
1126;0.7059;0.6818;0.7209;| || |;0.007900000000000018;-0.03160000000000007;0.010099999999999998
1127;0.7138;0.6313;0.7295;| || |;0.007900000000000018;-0.05049999999999999;0.008600000000000052
1128;0.7236;0.5569;0.733;| || |;0.009800000000000031;-0.07440000000000002;0.0034999999999999476
1129;0.7336;0.4795;0.7347;| || |;0.010000000000000009;-0.07739999999999997;0.0017000000000000348
1130;0.7404;0.421;0.7295;| || |;0.006799999999999917;-0.058499999999999996;-0.005199999999999982
1131;0.7473;0.3758;0.7226;| || |;0.006900000000000017;-0.04519999999999996;-0.006900000000000017
1132;0.7525;0.3368;0.7042;| || |;0.005199999999999982;-0.039000000000000035;-0.018399999999999972
1133;0.7578;0.3022;0.6741;| || |;0.005300000000000082;-0.034599999999999964;-0.030100000000000016
1134;0.7614;0.2725;0.6403;| || |;0.0035999999999999366;-0.029700000000000004;-0.03380000000000005
1135;0.765;0.2473;0.6011;| || |;0.0036000000000000476;-0.025200000000000028;-0.03920000000000001
1136;0.7632;0.2265;0.5557;| || |;-0.0018000000000000238;-0.020799999999999985;-0.045399999999999996
1137;0.7614;0.2081;0.5042;| || |;-0.0018000000000000238;-0.0184;-0.05149999999999999
1138;0.7525;0.1919;0.4507;| || |;-0.008900000000000019;-0.01620000000000002;-0.05349999999999999
1139;0.7336;0.1767;0.4048;| || |;-0.018899999999999917;-0.015199999999999991;-0.045899999999999996
1140;0.7138;0.1646;0.3685;| || |;-0.01980000000000004;-0.0121;-0.0363
1141;0.6873;0.1564;0.3378;| || |;-0.026499999999999968;-0.008199999999999985;-0.030700000000000005
1142;0.6666;0.1529;0.3125;| || |;-0.02070000000000005;-0.003500000000000003;-0.02529999999999999
1143;0.6469;0.1474;0.2898;| || |;-0.01969999999999994;-0.005500000000000005;-0.022699999999999998
1144;0.6254;0.1415;0.2689;| || |;-0.021500000000000075;-0.005900000000000016;-0.02090000000000003
1145;0.6074;0.1361;0.2501;| || |;-0.017999999999999905;-0.005399999999999988;-0.018799999999999983
1146;0.595;0.132;0.237;| || |;-0.012400000000000078;-0.0040999999999999925;-0.0131
1147;0.5877;0.1284;0.2249;| || |;-0.007299999999999973;-0.00360000000000002;-0.0121
1148;0.5901;0.1247;0.2152;| || |;0.0023999999999999577;-0.003699999999999981;-0.009699999999999986
1149;0.562;0.1215;0.2047;| || |;-0.028099999999999903;-0.0032000000000000084;-0.01050000000000001
1150;0.5453;0.1227;0.195;| || |;-0.016700000000000048;0.0012000000000000066;-0.009699999999999986
1151;0.5335;0.1312;0.1879;| || |;-0.011800000000000033;0.008500000000000008;-0.007099999999999995
1152;0.5209;0.132;0.1805;| || |;-0.012599999999999945;0.0007999999999999952;-0.007400000000000018
1153;0.5087;0.1199;0.1732;| || |;-0.012199999999999989;-0.0121;-0.007300000000000001
1154;0.4959;0.1032;0.1679;| || |;-0.012800000000000034;-0.016700000000000007;-0.005299999999999999
1155;0.4834;0.0904;0.1613;| || |;-0.012500000000000011;-0.012800000000000006;-0.006599999999999995
1156;0.4703;0.0747;0.1525;| || |;-0.0131;-0.015699999999999992;-0.008800000000000002
1157;0.4351;0.0607;0.142;| || |;-0.03520000000000001;-0.014000000000000005;-0.01050000000000001
1158;0.3795;0.0484;0.1253;| || |;-0.05559999999999998;-0.012299999999999998;-0.016699999999999993
1159;0.3191;0.0387;0.1075;| || |;-0.06040000000000001;-0.0097;-0.017799999999999996
1160;0.2819;0.0312;0.0952;| || |;-0.03720000000000001;-0.0075;-0.012299999999999991
1161;0.2498;0.0261;0.0829;| || |;-0.03209999999999999;-0.005099999999999997;-0.012300000000000005
1162;0.224;0.0216;0.0709;| || |;-0.02579999999999999;-0.0045000000000000005;-0.011999999999999997
1163;0.1924;0.0188;0.0574;| || |;-0.03160000000000002;-0.0028000000000000004;-0.013500000000000005
1164;0.1638;0.0163;0.0446;| || |;-0.028599999999999987;-0.0025000000000000022;-0.012799999999999999
1165;0.1357;0.0144;0.0358;| || |;-0.028100000000000014;-0.001899999999999999;-0.008800000000000002
1166;0.1138;0.0131;0.0284;| || |;-0.02189999999999999;-0.001299999999999999;-0.007399999999999997
1167;0.0952;0.0116;0.0233;| || |;-0.01859999999999999;-0.0015000000000000013;-0.0051
1168;0.0804;0.0101;0.0185;| || |;-0.014800000000000008;-0.0014999999999999996;-0.004800000000000002
1169;0.0682;0.0088;0.0148;| || |;-0.012200000000000003;-0.001299999999999999;-0.0036999999999999984
1170;0.0585;0.0079;0.0118;| || |;-0.009699999999999993;-0.0008999999999999998;-0.003000000000000001
1171;0.05;0.0067;0.0092;| || |;-0.0085;-0.0012000000000000005;-0.0026
1172;0.0421;0.0061;0.0075;| || |;-0.007900000000000004;-0.0005999999999999998;-0.0017000000000000001
1173;0.0366;0.0052;0.0052;| || |;-0.005499999999999998;-0.0009000000000000006;-0.0023
1174;0.0319;0.0042;0.0033;| || |;-0.004700000000000003;-0.001;-0.0018999999999999998
1175;0.0279;0.0039;0.0019;| || |;-0.003999999999999997;-0.0002999999999999999;-0.0014
1176;0.0246;0.003;0.0006;| || |;-0.003300000000000001;-0.0008999999999999998;-0.0013
1177;0.0223;0.0027;-0.0003;| || |;-0.0023;-0.0002999999999999999;-0.0009
1178;0.02;0.0021;-0.0016;| || |;-0.0023;-0.0006000000000000003;-0.0013000000000000002
1179;0.0178;0.0015;-0.0026;| || |;-0.0022000000000000006;-0.0005999999999999998;-0.0009999999999999998
1180;0.0155;0.0012;-0.0032;| || |;-0.0023;-0.00030000000000000014;-0.0006000000000000003
1181;0.0142;0.0009;-0.0042;| || |;-0.001299999999999999;-0.0002999999999999999;-0.0009999999999999996
1182;0.0126;0.0006;-0.0048;| || |;-0.0016000000000000007;-0.00030000000000000003;-0.0005999999999999998
1183;0.0117;0.0003;-0.0055;| || |;-0.0008999999999999998;-0.0003;-0.0007000000000000001
1184;0.0104;0;-0.0061;| || |;-0.0013000000000000008;0;-0.0006000000000000007
1185;0.0094;0;-0.0067;| || |;-0.0009999999999999992;0;-0.0005999999999999998
1186;0.0085;0;-0.0071;| || |;-0.0008999999999999998;0;-0.0004000000000000002
1187;0.0078;0;-0.0074;| || |;-0.000700000000000001;0;-0.0002999999999999999
1188;0.0072;0;-0.0077;| || |;-0.0005999999999999998;0;-0.0002999999999999999
1189;0.0069;0;-0.0077;| || |;-0.0002999999999999999;0;0.0
1190;0.0063;0;-0.008;| || |;-0.0005999999999999998;0;-0.0002999999999999999
1191;0.0059;0;-0.008;| || |;-0.0004000000000000002;0;0.0
1192;0.0053;0;-0.0077;| || |;-0.0005999999999999998;0;0.0002999999999999999
1193;0.005;0;-0.008;| || |;-0.0002999999999999999;0;-0.0002999999999999999
1194;0.005;0;-0.008;| || |;0.0;0;0.0
1195;0.0047;0;-0.008;| || |;-0.0002999999999999999;0;0.0
1196;0.0047;0;-0.008;| || |;0.0;0;0.0
1197;0.0047;0;-0.008;| || |;0.0;0;0.0
1198;0.0044;0;-0.0083;| || |;-0.0002999999999999999;0;-0.0002999999999999999
