czas;Ca8Mg5.Sample.csv - abs;| || |;Ca8Mg5.Sample.csv - delta;| || |;Ca8Mg5.Sample.csv - proc
0;-0.0003;| || |;0.0;| || |;0.0
1;-0.0003;| || |;0.0;| || |;-0.0
2;-0.0003;| || |;0.0;| || |;-0.0
3;-0.0;| || |;0.0003;| || |;-8.999999999999999e-08
4;-0.0;| || |;0.0;| || |;0.0
5;-0.0003;| || |;-0.0003;| || |;0.0
6;-0.0003;| || |;0.0;| || |;-0.0
7;-0.0;| || |;0.0003;| || |;-8.999999999999999e-08
8;-0.0003;| || |;-0.0003;| || |;0.0
9;-0.0003;| || |;0.0;| || |;-0.0
10;-0.0;| || |;0.0003;| || |;-8.999999999999999e-08
11;-0.0003;| || |;-0.0003;| || |;0.0
12;-0.0003;| || |;0.0;| || |;-0.0
13;-0.0003;| || |;0.0;| || |;-0.0
14;-0.0003;| || |;0.0;| || |;-0.0
15;-0.0003;| || |;0.0;| || |;-0.0
16;-0.0003;| || |;0.0;| || |;-0.0
17;-0.0;| || |;0.0003;| || |;-8.999999999999999e-08
18;-0.0003;| || |;-0.0003;| || |;0.0
19;-0.0003;| || |;0.0;| || |;-0.0
20;-0.0003;| || |;0.0;| || |;-0.0
21;-0.0003;| || |;0.0;| || |;-0.0
22;-0.0003;| || |;0.0;| || |;-0.0
23;-0.0003;| || |;0.0;| || |;-0.0
24;-0.0003;| || |;0.0;| || |;-0.0
25;-0.0003;| || |;0.0;| || |;-0.0
26;-0.0;| || |;0.0003;| || |;-8.999999999999999e-08
27;-0.0003;| || |;-0.0003;| || |;0.0
28;-0.0;| || |;0.0003;| || |;-8.999999999999999e-08
29;-0.0003;| || |;-0.0003;| || |;0.0
30;-0.0003;| || |;0.0;| || |;-0.0
31;-0.0;| || |;0.0003;| || |;-8.999999999999999e-08
32;-0.0;| || |;0.0;| || |;0.0
33;-0.0;| || |;0.0;| || |;0.0
34;-0.0;| || |;0.0;| || |;0.0
35;-0.0;| || |;0.0;| || |;0.0
36;-0.0003;| || |;-0.0003;| || |;0.0
37;-0.0;| || |;0.0003;| || |;-8.999999999999999e-08
38;-0.0003;| || |;-0.0003;| || |;0.0
39;-0.0003;| || |;0.0;| || |;-0.0
40;-0.0003;| || |;0.0;| || |;-0.0
41;-0.0003;| || |;0.0;| || |;-0.0
42;-0.0006;| || |;-0.0003;| || |;8.999999999999999e-08
43;-0.0;| || |;0.0006;| || |;-3.5999999999999994e-07
44;-0.0003;| || |;-0.0003;| || |;0.0
45;-0.0003;| || |;0.0;| || |;-0.0
46;-0.0;| || |;0.0003;| || |;-8.999999999999999e-08
47;-0.0;| || |;0.0;| || |;0.0
48;-0.0;| || |;0.0;| || |;0.0
49;-0.0003;| || |;-0.0003;| || |;0.0
50;-0.0003;| || |;0.0;| || |;-0.0
51;-0.0003;| || |;0.0;| || |;-0.0
52;-0.0003;| || |;0.0;| || |;-0.0
53;-0.0003;| || |;0.0;| || |;-0.0
54;-0.0003;| || |;0.0;| || |;-0.0
55;-0.0006;| || |;-0.0003;| || |;8.999999999999999e-08
56;-0.0006;| || |;0.0;| || |;-0.0
57;-0.0003;| || |;0.0003;| || |;-1.7999999999999997e-07
58;-0.0003;| || |;0.0;| || |;-0.0
59;-0.0003;| || |;0.0;| || |;-0.0
60;-0.0003;| || |;0.0;| || |;-0.0
61;-0.0;| || |;0.0003;| || |;-8.999999999999999e-08
62;-0.0003;| || |;-0.0003;| || |;0.0
63;-0.0003;| || |;0.0;| || |;-0.0
64;-0.0;| || |;0.0003;| || |;-8.999999999999999e-08
65;-0.0003;| || |;-0.0003;| || |;0.0
66;-0.0003;| || |;0.0;| || |;-0.0
67;-0.0003;| || |;0.0;| || |;-0.0
68;-0.0003;| || |;0.0;| || |;-0.0
69;-0.0003;| || |;0.0;| || |;-0.0
70;-0.0003;| || |;0.0;| || |;-0.0
71;-0.0003;| || |;0.0;| || |;-0.0
72;-0.0003;| || |;0.0;| || |;-0.0
73;-0.0003;| || |;0.0;| || |;-0.0
74;-0.0003;| || |;0.0;| || |;-0.0
75;-0.0003;| || |;0.0;| || |;-0.0
76;-0.0003;| || |;0.0;| || |;-0.0
77;-0.0003;| || |;0.0;| || |;-0.0
78;-0.0003;| || |;0.0;| || |;-0.0
79;-0.0006;| || |;-0.0003;| || |;8.999999999999999e-08
80;-0.0003;| || |;0.0003;| || |;-1.7999999999999997e-07
81;-0.0003;| || |;0.0;| || |;-0.0
82;-0.0;| || |;0.0003;| || |;-8.999999999999999e-08
83;-0.0003;| || |;-0.0003;| || |;0.0
84;-0.0;| || |;0.0003;| || |;-8.999999999999999e-08
85;-0.0;| || |;0.0;| || |;0.0
86;-0.0003;| || |;-0.0003;| || |;0.0
87;-0.0003;| || |;0.0;| || |;-0.0
88;-0.0003;| || |;0.0;| || |;-0.0
89;-0.0003;| || |;0.0;| || |;-0.0
90;-0.0003;| || |;0.0;| || |;-0.0
91;-0.0;| || |;0.0003;| || |;-8.999999999999999e-08
92;-0.0003;| || |;-0.0003;| || |;0.0
93;-0.0;| || |;0.0003;| || |;-8.999999999999999e-08
94;-0.0003;| || |;-0.0003;| || |;0.0
95;-0.0003;| || |;0.0;| || |;-0.0
96;-0.0003;| || |;0.0;| || |;-0.0
97;-0.0;| || |;0.0003;| || |;-8.999999999999999e-08
98;-0.0003;| || |;-0.0003;| || |;0.0
99;-0.0003;| || |;0.0;| || |;-0.0
100;-0.0003;| || |;0.0;| || |;-0.0
101;-0.0006;| || |;-0.0003;| || |;8.999999999999999e-08
102;-0.0006;| || |;0.0;| || |;-0.0
103;-0.0003;| || |;0.0003;| || |;-1.7999999999999997e-07
104;-0.0006;| || |;-0.0003;| || |;8.999999999999999e-08
105;-0.0006;| || |;0.0;| || |;-0.0
106;-0.0006;| || |;0.0;| || |;-0.0
107;-0.0003;| || |;0.0003;| || |;-1.7999999999999997e-07
108;-0.0003;| || |;0.0;| || |;-0.0
109;-0.0003;| || |;0.0;| || |;-0.0
110;-0.0003;| || |;0.0;| || |;-0.0
111;-0.0003;| || |;0.0;| || |;-0.0
112;-0.0003;| || |;0.0;| || |;-0.0
113;-0.0003;| || |;0.0;| || |;-0.0
114;-0.0003;| || |;0.0;| || |;-0.0
115;-0.0003;| || |;0.0;| || |;-0.0
116;-0.0003;| || |;0.0;| || |;-0.0
117;-0.0003;| || |;0.0;| || |;-0.0
118;-0.0003;| || |;0.0;| || |;-0.0
119;-0.0006;| || |;-0.0003;| || |;8.999999999999999e-08
120;-0.0006;| || |;0.0;| || |;-0.0
121;-0.0006;| || |;0.0;| || |;-0.0
122;-0.0003;| || |;0.0003;| || |;-1.7999999999999997e-07
123;-0.0003;| || |;0.0;| || |;-0.0
124;-0.0003;| || |;0.0;| || |;-0.0
125;-0.0;| || |;0.0003;| || |;-8.999999999999999e-08
126;-0.0003;| || |;-0.0003;| || |;0.0
127;-0.0003;| || |;0.0;| || |;-0.0
128;-0.0006;| || |;-0.0003;| || |;8.999999999999999e-08
129;-0.0003;| || |;0.0003;| || |;-1.7999999999999997e-07
130;-0.0003;| || |;0.0;| || |;-0.0
131;-0.0006;| || |;-0.0003;| || |;8.999999999999999e-08
132;-0.0006;| || |;0.0;| || |;-0.0
133;-0.0003;| || |;0.0003;| || |;-1.7999999999999997e-07
134;-0.0;| || |;0.0003;| || |;-8.999999999999999e-08
135;-0.0;| || |;0.0;| || |;0.0
136;-0.0003;| || |;-0.0003;| || |;0.0
137;-0.0003;| || |;0.0;| || |;-0.0
138;-0.0006;| || |;-0.0003;| || |;8.999999999999999e-08
139;-0.0006;| || |;0.0;| || |;-0.0
140;-0.0006;| || |;0.0;| || |;-0.0
141;-0.0003;| || |;0.0003;| || |;-1.7999999999999997e-07
142;-0.0006;| || |;-0.0003;| || |;8.999999999999999e-08
143;-0.0006;| || |;0.0;| || |;-0.0
144;-0.0003;| || |;0.0003;| || |;-1.7999999999999997e-07
145;-0.0006;| || |;-0.0003;| || |;8.999999999999999e-08
146;-0.0003;| || |;0.0003;| || |;-1.7999999999999997e-07
147;-0.0003;| || |;0.0;| || |;-0.0
148;-0.0003;| || |;0.0;| || |;-0.0
149;-0.0003;| || |;0.0;| || |;-0.0
150;-0.0003;| || |;0.0;| || |;-0.0
151;-0.0003;| || |;0.0;| || |;-0.0
152;-0.0003;| || |;0.0;| || |;-0.0
153;-0.0006;| || |;-0.0003;| || |;8.999999999999999e-08
154;-0.0006;| || |;0.0;| || |;-0.0
155;-0.0006;| || |;0.0;| || |;-0.0
156;-0.0006;| || |;0.0;| || |;-0.0
157;-0.0006;| || |;0.0;| || |;-0.0
158;-0.0009;| || |;-0.00030000000000000003;| || |;1.8e-07
159;-0.0006;| || |;0.00030000000000000003;| || |;-2.7e-07
160;-0.0003;| || |;0.0003;| || |;-1.7999999999999997e-07
161;-0.0006;| || |;-0.0003;| || |;8.999999999999999e-08
162;-0.0003;| || |;0.0003;| || |;-1.7999999999999997e-07
163;-0.0003;| || |;0.0;| || |;-0.0
164;-0.0003;| || |;0.0;| || |;-0.0
165;-0.0006;| || |;-0.0003;| || |;8.999999999999999e-08
166;-0.0006;| || |;0.0;| || |;-0.0
167;-0.0003;| || |;0.0003;| || |;-1.7999999999999997e-07
168;-0.0003;| || |;0.0;| || |;-0.0
169;-0.0006;| || |;-0.0003;| || |;8.999999999999999e-08
170;-0.0006;| || |;0.0;| || |;-0.0
171;-0.0003;| || |;0.0003;| || |;-1.7999999999999997e-07
172;-0.0003;| || |;0.0;| || |;-0.0
173;-0.0003;| || |;0.0;| || |;-0.0
174;-0.0003;| || |;0.0;| || |;-0.0
175;-0.0006;| || |;-0.0003;| || |;8.999999999999999e-08
176;-0.0006;| || |;0.0;| || |;-0.0
177;-0.0006;| || |;0.0;| || |;-0.0
178;-0.0006;| || |;0.0;| || |;-0.0
179;-0.0006;| || |;0.0;| || |;-0.0
180;-0.0003;| || |;0.0003;| || |;-1.7999999999999997e-07
181;-0.0006;| || |;-0.0003;| || |;8.999999999999999e-08
182;-0.0006;| || |;0.0;| || |;-0.0
183;-0.0006;| || |;0.0;| || |;-0.0
184;-0.0006;| || |;0.0;| || |;-0.0
185;-0.0006;| || |;0.0;| || |;-0.0
186;-0.0006;| || |;0.0;| || |;-0.0
187;-0.0006;| || |;0.0;| || |;-0.0
188;-0.0006;| || |;0.0;| || |;-0.0
189;-0.0003;| || |;0.0003;| || |;-1.7999999999999997e-07
190;-0.0006;| || |;-0.0003;| || |;8.999999999999999e-08
191;-0.0006;| || |;0.0;| || |;-0.0
192;-0.0006;| || |;0.0;| || |;-0.0
193;-0.0006;| || |;0.0;| || |;-0.0
194;-0.0009;| || |;-0.00030000000000000003;| || |;1.8e-07
195;-0.0009;| || |;0.0;| || |;-0.0
196;-0.0006;| || |;0.00030000000000000003;| || |;-2.7e-07
197;-0.0006;| || |;0.0;| || |;-0.0
198;-0.0006;| || |;0.0;| || |;-0.0
199;-0.0006;| || |;0.0;| || |;-0.0
200;-0.0009;| || |;-0.00030000000000000003;| || |;1.8e-07
201;-0.0006;| || |;0.00030000000000000003;| || |;-2.7e-07
202;-0.0006;| || |;0.0;| || |;-0.0
203;-0.0006;| || |;0.0;| || |;-0.0
204;-0.0006;| || |;0.0;| || |;-0.0
205;-0.0006;| || |;0.0;| || |;-0.0
206;-0.0006;| || |;0.0;| || |;-0.0
207;-0.0006;| || |;0.0;| || |;-0.0
208;-0.0009;| || |;-0.00030000000000000003;| || |;1.8e-07
209;-0.0003;| || |;0.0006000000000000001;| || |;-5.4e-07
210;-0.0006;| || |;-0.0003;| || |;8.999999999999999e-08
211;-0.0006;| || |;0.0;| || |;-0.0
212;-0.0009;| || |;-0.00030000000000000003;| || |;1.8e-07
213;-0.0006;| || |;0.00030000000000000003;| || |;-2.7e-07
214;-0.0006;| || |;0.0;| || |;-0.0
215;-0.0009;| || |;-0.00030000000000000003;| || |;1.8e-07
216;-0.0006;| || |;0.00030000000000000003;| || |;-2.7e-07
217;-0.0009;| || |;-0.00030000000000000003;| || |;1.8e-07
218;-0.0003;| || |;0.0006000000000000001;| || |;-5.4e-07
219;0.0003;| || |;0.0006;| || |;-1.7999999999999997e-07
220;0.0009;| || |;0.0006000000000000001;| || |;1.8e-07
221;0.0037;| || |;0.0028000000000000004;| || |;2.5200000000000004e-06
222;0.0473;| || |;0.0436;| || |;0.00016132
223;0.1758;| || |;0.1285;| || |;0.006078050000000001
224;0.2859;| || |;0.11009999999999998;| || |;0.019355579999999997
225;0.3187;| || |;0.032799999999999996;| || |;0.009377519999999999
226;0.2992;| || |;-0.019499999999999962;| || |;-0.006214649999999987
227;0.2598;| || |;-0.039400000000000046;| || |;-0.011788480000000014
228;0.2253;| || |;-0.034499999999999975;| || |;-0.008963099999999993
229;0.204;| || |;-0.021300000000000013;| || |;-0.004798890000000003
230;0.1909;| || |;-0.0131;| || |;-0.0026724
231;0.1739;| || |;-0.016999999999999987;| || |;-0.0032452999999999974
232;0.1603;| || |;-0.013600000000000001;| || |;-0.00236504
233;0.1497;| || |;-0.010599999999999998;| || |;-0.0016991799999999998
234;0.1415;| || |;-0.008200000000000013;| || |;-0.001227540000000002
235;0.1347;| || |;-0.0068000000000000005;| || |;-0.0009622
236;0.1314;| || |;-0.0032999999999999974;| || |;-0.0004445099999999996
237;0.1305;| || |;-0.0008999999999999841;| || |;-0.00011825999999999791
238;0.1305;| || |;0.0;| || |;0.0
239;0.1314;| || |;0.0008999999999999841;| || |;0.00011744999999999794
240;0.131;| || |;-0.0003999999999999837;| || |;-5.255999999999786e-05
241;0.1314;| || |;0.0003999999999999837;| || |;5.2399999999997865e-05
242;0.1322;| || |;0.0008000000000000229;| || |;0.000105120000000003
243;0.1326;| || |;0.0003999999999999837;| || |;5.287999999999785e-05
244;0.1326;| || |;0.0;| || |;0.0
245;0.1326;| || |;0.0;| || |;0.0
246;0.133;| || |;0.00040000000000001146;| || |;5.304000000000152e-05
247;0.133;| || |;0.0;| || |;0.0
248;0.133;| || |;0.0;| || |;0.0
249;0.133;| || |;0.0;| || |;0.0
250;0.1326;| || |;-0.00040000000000001146;| || |;-5.3200000000001524e-05
251;0.1339;| || |;0.0012999999999999956;| || |;0.0001723799999999994
252;0.1339;| || |;0.0;| || |;0.0
253;0.1339;| || |;0.0;| || |;0.0
254;0.1347;| || |;0.0007999999999999952;| || |;0.00010711999999999934
255;0.1347;| || |;0.0;| || |;0.0
256;0.1343;| || |;-0.0003999999999999837;| || |;-5.38799999999978e-05
257;0.1347;| || |;0.0003999999999999837;| || |;5.371999999999781e-05
258;0.1339;| || |;-0.0007999999999999952;| || |;-0.00010775999999999933
259;0.1335;| || |;-0.0003999999999999837;| || |;-5.3559999999997813e-05
260;0.1343;| || |;0.0007999999999999952;| || |;0.00010679999999999936
261;0.1339;| || |;-0.00040000000000001146;| || |;-5.372000000000154e-05
262;0.1351;| || |;0.0012000000000000066;| || |;0.00016068000000000088
263;0.1347;| || |;-0.00040000000000001146;| || |;-5.404000000000155e-05
264;0.1351;| || |;0.00040000000000001146;| || |;5.388000000000154e-05
265;0.1364;| || |;0.0012999999999999956;| || |;0.0001756299999999994
266;0.1373;| || |;0.0009000000000000119;| || |;0.00012276000000000162
267;0.1441;| || |;0.0068000000000000005;| || |;0.0009336400000000001
268;0.1653;| || |;0.021199999999999997;| || |;0.0030549199999999996
269;0.2268;| || |;0.0615;| || |;0.01016595
270;0.3584;| || |;0.1316;| || |;0.02984688
271;0.5135;| || |;0.15509999999999996;| || |;0.055587839999999986
272;0.6165;| || |;0.10300000000000009;| || |;0.05289050000000004
273;0.6623;| || |;0.04579999999999995;| || |;0.02823569999999997
274;0.6826;| || |;0.020299999999999985;| || |;0.01344468999999999
275;0.6886;| || |;0.006000000000000005;| || |;0.004095600000000004
276;0.6886;| || |;0.0;| || |;0.0
277;0.6826;| || |;-0.006000000000000005;| || |;-0.0041316000000000035
278;0.6767;| || |;-0.005900000000000016;| || |;-0.004027340000000011
279;0.6709;| || |;-0.005799999999999916;| || |;-0.003924859999999943
280;0.668;| || |;-0.0029000000000000137;| || |;-0.0019456100000000093
281;0.6694;| || |;0.0013999999999999568;| || |;0.0009351999999999712
282;0.6723;| || |;0.0029000000000000137;| || |;0.001941260000000009
283;0.6767;| || |;0.0043999999999999595;| || |;0.002958119999999973
284;0.6841;| || |;0.007400000000000073;| || |;0.00500758000000005
285;0.6931;| || |;0.009000000000000008;| || |;0.006156900000000006
286;0.7024;| || |;0.009299999999999975;| || |;0.006445829999999983
287;0.7134;| || |;0.01100000000000001;| || |;0.007726400000000007
288;0.7215;| || |;0.008099999999999996;| || |;0.005778539999999998
289;0.7215;| || |;0.0;| || |;0.0
290;0.7166;| || |;-0.0049000000000000155;| || |;-0.0035353500000000113
291;0.6886;| || |;-0.028000000000000025;| || |;-0.020064800000000018
292;0.6165;| || |;-0.07209999999999994;| || |;-0.04964805999999996
293;0.5289;| || |;-0.08760000000000001;| || |;-0.05400540000000001
294;0.4421;| || |;-0.08680000000000004;| || |;-0.04590852000000003
295;0.3677;| || |;-0.07439999999999997;| || |;-0.03289223999999998
296;0.3085;| || |;-0.05920000000000003;| || |;-0.021767840000000014
297;0.2632;| || |;-0.04530000000000001;| || |;-0.013975050000000003
298;0.23;| || |;-0.03319999999999998;| || |;-0.008738239999999994
299;0.2075;| || |;-0.02250000000000002;| || |;-0.005175000000000005
300;0.1899;| || |;-0.017599999999999977;| || |;-0.003651999999999995
301;0.1767;| || |;-0.013200000000000017;| || |;-0.0025066800000000033
302;0.168;| || |;-0.008699999999999986;| || |;-0.0015372899999999974
303;0.1581;| || |;-0.00990000000000002;| || |;-0.0016632000000000033
304;0.151;| || |;-0.007099999999999995;| || |;-0.001122509999999999
305;0.1458;| || |;-0.005199999999999982;| || |;-0.0007851999999999973
306;0.1415;| || |;-0.004300000000000026;| || |;-0.0006269400000000039
307;0.1373;| || |;-0.0041999999999999815;| || |;-0.0005942999999999974
308;0.1343;| || |;-0.0030000000000000027;| || |;-0.00041190000000000036
309;0.1322;| || |;-0.0020999999999999908;| || |;-0.00028202999999999876
310;0.1305;| || |;-0.001700000000000007;| || |;-0.00022474000000000094
311;0.128;| || |;-0.0025000000000000022;| || |;-0.0003262500000000003
312;0.1264;| || |;-0.0015999999999999903;| || |;-0.00020479999999999877
313;0.1231;| || |;-0.0033000000000000113;| || |;-0.00041712000000000145
314;0.1223;| || |;-0.0007999999999999952;| || |;-9.847999999999941e-05
315;0.1227;| || |;0.0003999999999999976;| || |;4.891999999999971e-05
316;0.1289;| || |;0.006199999999999983;| || |;0.0007607399999999979
317;0.1335;| || |;0.004600000000000021;| || |;0.0005929400000000026
318;0.136;| || |;0.0025000000000000022;| || |;0.00033375000000000033
319;0.1335;| || |;-0.0025000000000000022;| || |;-0.00034000000000000035
320;0.1251;| || |;-0.008400000000000019;| || |;-0.0011214000000000026
321;0.111;| || |;-0.014099999999999988;| || |;-0.0017639099999999983
322;0.0984;| || |;-0.0126;| || |;-0.0013986
323;0.0828;| || |;-0.015600000000000003;| || |;-0.0015350400000000003
324;0.0692;| || |;-0.013600000000000001;| || |;-0.00112608
325;0.0532;| || |;-0.016;| || |;-0.0011072
326;0.0401;| || |;-0.0131;| || |;-0.00069692
327;0.0304;| || |;-0.009699999999999997;| || |;-0.0003889699999999998
328;0.0238;| || |;-0.006599999999999998;| || |;-0.00020063999999999995
329;0.0193;| || |;-0.0045000000000000005;| || |;-0.00010710000000000001
330;0.0167;| || |;-0.0026000000000000016;| || |;-5.018000000000003e-05
331;0.0148;| || |;-0.001899999999999999;| || |;-3.172999999999998e-05
332;0.0125;| || |;-0.0023;| || |;-3.404e-05
333;0.0113;| || |;-0.0012000000000000014;| || |;-1.5000000000000019e-05
334;0.0103;| || |;-0.0009999999999999992;| || |;-1.129999999999999e-05
335;0.0094;| || |;-0.0008999999999999998;| || |;-9.269999999999998e-06
336;0.0081;| || |;-0.0013000000000000008;| || |;-1.2220000000000008e-05
337;0.0078;| || |;-0.0002999999999999999;| || |;-2.429999999999999e-06
338;0.0068;| || |;-0.001;| || |;-7.8e-06
339;0.0056;| || |;-0.0011999999999999997;| || |;-8.159999999999998e-06
340;0.0053;| || |;-0.0002999999999999999;| || |;-1.6799999999999996e-06
341;0.005;| || |;-0.0002999999999999999;| || |;-1.5899999999999996e-06
342;0.0047;| || |;-0.0002999999999999999;| || |;-1.4999999999999996e-06
343;0.004;| || |;-0.0007000000000000001;| || |;-3.2900000000000007e-06
344;0.0034;| || |;-0.0006000000000000003;| || |;-2.400000000000001e-06
345;0.0031;| || |;-0.0002999999999999999;| || |;-1.0199999999999998e-06
346;0.0025;| || |;-0.0005999999999999998;| || |;-1.8599999999999993e-06
347;0.0022;| || |;-0.0002999999999999999;| || |;-7.499999999999998e-07
348;0.0022;| || |;0.0;| || |;0.0
349;0.0015;| || |;-0.0007000000000000001;| || |;-1.5400000000000003e-06
350;0.0012;| || |;-0.00030000000000000014;| || |;-4.500000000000002e-07
351;0.0009;| || |;-0.0002999999999999999;| || |;-3.599999999999999e-07
352;0.0006;| || |;-0.00030000000000000003;| || |;-2.7e-07
353;0.0006;| || |;0.0;| || |;0.0
354;0.0006;| || |;0.0;| || |;0.0
355;0.0003;| || |;-0.0003;| || |;-1.7999999999999997e-07
356;0.0006;| || |;0.0003;| || |;8.999999999999999e-08
357;0.0006;| || |;0.0;| || |;0.0
358;0.0003;| || |;-0.0003;| || |;-1.7999999999999997e-07
359;0.0003;| || |;0.0;| || |;0.0
360;-0.0;| || |;-0.0003;| || |;-8.999999999999999e-08
361;0.0003;| || |;0.0003;| || |;0.0
362;-0.0;| || |;-0.0003;| || |;-8.999999999999999e-08
363;-0.0;| || |;0.0;| || |;0.0
364;-0.0;| || |;0.0;| || |;0.0
365;-0.0;| || |;0.0;| || |;0.0
366;-0.0003;| || |;-0.0003;| || |;0.0
367;-0.0;| || |;0.0003;| || |;-8.999999999999999e-08
368;-0.0;| || |;0.0;| || |;0.0
369;-0.0;| || |;0.0;| || |;0.0
370;-0.0;| || |;0.0;| || |;0.0
371;-0.0;| || |;0.0;| || |;0.0
372;-0.0;| || |;0.0;| || |;0.0
373;-0.0003;| || |;-0.0003;| || |;0.0
374;-0.0;| || |;0.0003;| || |;-8.999999999999999e-08
375;-0.0;| || |;0.0;| || |;0.0
376;-0.0006;| || |;-0.0006;| || |;0.0
377;-0.0;| || |;0.0006;| || |;-3.5999999999999994e-07
378;-0.0;| || |;0.0;| || |;0.0
379;-0.0;| || |;0.0;| || |;0.0
380;-0.0003;| || |;-0.0003;| || |;0.0
381;-0.0003;| || |;0.0;| || |;-0.0
382;-0.0003;| || |;0.0;| || |;-0.0
383;-0.0;| || |;0.0003;| || |;-8.999999999999999e-08
384;-0.0003;| || |;-0.0003;| || |;0.0
385;-0.0;| || |;0.0003;| || |;-8.999999999999999e-08
386;-0.0;| || |;0.0;| || |;0.0
387;-0.0003;| || |;-0.0003;| || |;0.0
388;-0.0003;| || |;0.0;| || |;-0.0
389;-0.0003;| || |;0.0;| || |;-0.0
390;-0.0003;| || |;0.0;| || |;-0.0
391;-0.0003;| || |;0.0;| || |;-0.0
392;-0.0003;| || |;0.0;| || |;-0.0
393;-0.0;| || |;0.0003;| || |;-8.999999999999999e-08
394;-0.0;| || |;0.0;| || |;0.0
395;-0.0;| || |;0.0;| || |;0.0
396;-0.0003;| || |;-0.0003;| || |;0.0
397;-0.0;| || |;0.0003;| || |;-8.999999999999999e-08
398;-0.0;| || |;0.0;| || |;0.0
399;-0.0;| || |;0.0;| || |;0.0
400;-0.0;| || |;0.0;| || |;0.0
401;0.0003;| || |;0.0003;| || |;0.0
402;0.0003;| || |;0.0;| || |;0.0
403;0.0003;| || |;0.0;| || |;0.0
404;-0.0;| || |;-0.0003;| || |;-8.999999999999999e-08
405;-0.0;| || |;0.0;| || |;0.0
406;-0.0003;| || |;-0.0003;| || |;0.0
407;-0.0;| || |;0.0003;| || |;-8.999999999999999e-08
408;-0.0;| || |;0.0;| || |;0.0
409;-0.0;| || |;0.0;| || |;0.0
410;-0.0003;| || |;-0.0003;| || |;0.0
411;-0.0;| || |;0.0003;| || |;-8.999999999999999e-08
412;-0.0;| || |;0.0;| || |;0.0
413;0.0003;| || |;0.0003;| || |;0.0
414;-0.0;| || |;-0.0003;| || |;-8.999999999999999e-08
415;-0.0;| || |;0.0;| || |;0.0
416;-0.0;| || |;0.0;| || |;0.0
417;-0.0;| || |;0.0;| || |;0.0
418;-0.0;| || |;0.0;| || |;0.0
419;-0.0;| || |;0.0;| || |;0.0
420;-0.0;| || |;0.0;| || |;0.0
421;-0.0003;| || |;-0.0003;| || |;0.0
422;-0.0;| || |;0.0003;| || |;-8.999999999999999e-08
423;0.0003;| || |;0.0003;| || |;0.0
424;-0.0;| || |;-0.0003;| || |;-8.999999999999999e-08
425;-0.0;| || |;0.0;| || |;0.0
426;-0.0;| || |;0.0;| || |;0.0
427;-0.0;| || |;0.0;| || |;0.0
428;-0.0;| || |;0.0;| || |;0.0
429;0.0003;| || |;0.0003;| || |;0.0
430;-0.0;| || |;-0.0003;| || |;-8.999999999999999e-08
431;-0.0;| || |;0.0;| || |;0.0
432;-0.0;| || |;0.0;| || |;0.0
433;-0.0;| || |;0.0;| || |;0.0
434;-0.0003;| || |;-0.0003;| || |;0.0
435;-0.0;| || |;0.0003;| || |;-8.999999999999999e-08
436;-0.0;| || |;0.0;| || |;0.0
437;0.0003;| || |;0.0003;| || |;0.0
438;-0.0;| || |;-0.0003;| || |;-8.999999999999999e-08
439;-0.0;| || |;0.0;| || |;0.0
440;-0.0;| || |;0.0;| || |;0.0
441;-0.0;| || |;0.0;| || |;0.0
442;0.0003;| || |;0.0003;| || |;0.0
443;-0.0;| || |;-0.0003;| || |;-8.999999999999999e-08
444;-0.0;| || |;0.0;| || |;0.0
445;-0.0;| || |;0.0;| || |;0.0
446;-0.0;| || |;0.0;| || |;0.0
447;0.0003;| || |;0.0003;| || |;0.0
448;-0.0;| || |;-0.0003;| || |;-8.999999999999999e-08
449;-0.0;| || |;0.0;| || |;0.0
450;-0.0;| || |;0.0;| || |;0.0
451;-0.0;| || |;0.0;| || |;0.0
452;-0.0;| || |;0.0;| || |;0.0
453;-0.0003;| || |;-0.0003;| || |;0.0
454;-0.0003;| || |;0.0;| || |;-0.0
455;-0.0;| || |;0.0003;| || |;-8.999999999999999e-08
456;-0.0003;| || |;-0.0003;| || |;0.0
457;-0.0;| || |;0.0003;| || |;-8.999999999999999e-08
458;-0.0;| || |;0.0;| || |;0.0
459;-0.0;| || |;0.0;| || |;0.0
460;-0.0;| || |;0.0;| || |;0.0
461;-0.0;| || |;0.0;| || |;0.0
462;-0.0003;| || |;-0.0003;| || |;0.0
463;-0.0;| || |;0.0003;| || |;-8.999999999999999e-08
464;0.0003;| || |;0.0003;| || |;0.0
465;0.0003;| || |;0.0;| || |;0.0
466;0.0003;| || |;0.0;| || |;0.0
467;0.0003;| || |;0.0;| || |;0.0
468;0.0003;| || |;0.0;| || |;0.0
469;0.0003;| || |;0.0;| || |;0.0
470;0.0003;| || |;0.0;| || |;0.0
471;0.0003;| || |;0.0;| || |;0.0
472;-0.0;| || |;-0.0003;| || |;-8.999999999999999e-08
473;0.0003;| || |;0.0003;| || |;0.0
474;0.0003;| || |;0.0;| || |;0.0
475;-0.0;| || |;-0.0003;| || |;-8.999999999999999e-08
476;-0.0;| || |;0.0;| || |;0.0
477;-0.0;| || |;0.0;| || |;0.0
478;0.0003;| || |;0.0003;| || |;0.0
479;-0.0;| || |;-0.0003;| || |;-8.999999999999999e-08
480;-0.0;| || |;0.0;| || |;0.0
481;0.0003;| || |;0.0003;| || |;0.0
482;0.0003;| || |;0.0;| || |;0.0
483;0.0003;| || |;0.0;| || |;0.0
484;0.0006;| || |;0.0003;| || |;8.999999999999999e-08
485;0.0006;| || |;0.0;| || |;0.0
486;0.0003;| || |;-0.0003;| || |;-1.7999999999999997e-07
487;0.0003;| || |;0.0;| || |;0.0
488;0.0006;| || |;0.0003;| || |;8.999999999999999e-08
489;0.0003;| || |;-0.0003;| || |;-1.7999999999999997e-07
490;0.0003;| || |;0.0;| || |;0.0
491;0.0006;| || |;0.0003;| || |;8.999999999999999e-08
492;0.0006;| || |;0.0;| || |;0.0
493;0.0003;| || |;-0.0003;| || |;-1.7999999999999997e-07
494;0.0003;| || |;0.0;| || |;0.0
495;-0.0;| || |;-0.0003;| || |;-8.999999999999999e-08
496;0.0003;| || |;0.0003;| || |;0.0
497;0.0003;| || |;0.0;| || |;0.0
498;0.0006;| || |;0.0003;| || |;8.999999999999999e-08
499;-0.0;| || |;-0.0006;| || |;-3.5999999999999994e-07
500;0.0003;| || |;0.0003;| || |;0.0
501;0.0003;| || |;0.0;| || |;0.0
502;-0.0;| || |;-0.0003;| || |;-8.999999999999999e-08
503;0.0003;| || |;0.0003;| || |;0.0
504;0.0003;| || |;0.0;| || |;0.0
505;0.0003;| || |;0.0;| || |;0.0
506;0.0003;| || |;0.0;| || |;0.0
507;-0.0;| || |;-0.0003;| || |;-8.999999999999999e-08
508;0.0003;| || |;0.0003;| || |;0.0
509;0.0003;| || |;0.0;| || |;0.0
510;0.0003;| || |;0.0;| || |;0.0
511;0.0003;| || |;0.0;| || |;0.0
512;0.0003;| || |;0.0;| || |;0.0
513;-0.0;| || |;-0.0003;| || |;-8.999999999999999e-08
514;-0.0;| || |;0.0;| || |;0.0
515;0.0003;| || |;0.0003;| || |;0.0
516;0.0003;| || |;0.0;| || |;0.0
517;0.0003;| || |;0.0;| || |;0.0
518;0.0003;| || |;0.0;| || |;0.0
519;0.0006;| || |;0.0003;| || |;8.999999999999999e-08
520;0.0003;| || |;-0.0003;| || |;-1.7999999999999997e-07
521;0.0006;| || |;0.0003;| || |;8.999999999999999e-08
522;0.0006;| || |;0.0;| || |;0.0
523;0.0006;| || |;0.0;| || |;0.0
524;0.0006;| || |;0.0;| || |;0.0
525;0.0006;| || |;0.0;| || |;0.0
526;0.0003;| || |;-0.0003;| || |;-1.7999999999999997e-07
527;0.0003;| || |;0.0;| || |;0.0
528;0.0003;| || |;0.0;| || |;0.0
529;0.0003;| || |;0.0;| || |;0.0
530;0.0003;| || |;0.0;| || |;0.0
531;0.0009;| || |;0.0006000000000000001;| || |;1.8e-07
532;0.0006;| || |;-0.00030000000000000003;| || |;-2.7e-07
533;0.0003;| || |;-0.0003;| || |;-1.7999999999999997e-07
534;0.0003;| || |;0.0;| || |;0.0
535;0.0006;| || |;0.0003;| || |;8.999999999999999e-08
536;0.0003;| || |;-0.0003;| || |;-1.7999999999999997e-07
537;0.0003;| || |;0.0;| || |;0.0
538;0.0003;| || |;0.0;| || |;0.0
539;0.0003;| || |;0.0;| || |;0.0
540;0.0003;| || |;0.0;| || |;0.0
541;0.0006;| || |;0.0003;| || |;8.999999999999999e-08
542;0.0003;| || |;-0.0003;| || |;-1.7999999999999997e-07
543;0.0006;| || |;0.0003;| || |;8.999999999999999e-08
544;0.0006;| || |;0.0;| || |;0.0
545;0.0003;| || |;-0.0003;| || |;-1.7999999999999997e-07
546;0.0003;| || |;0.0;| || |;0.0
547;0.0003;| || |;0.0;| || |;0.0
548;0.0003;| || |;0.0;| || |;0.0
549;0.0006;| || |;0.0003;| || |;8.999999999999999e-08
550;0.0006;| || |;0.0;| || |;0.0
551;0.0006;| || |;0.0;| || |;0.0
552;0.0006;| || |;0.0;| || |;0.0
553;0.0003;| || |;-0.0003;| || |;-1.7999999999999997e-07
554;0.0006;| || |;0.0003;| || |;8.999999999999999e-08
555;0.0003;| || |;-0.0003;| || |;-1.7999999999999997e-07
556;0.0006;| || |;0.0003;| || |;8.999999999999999e-08
557;0.0006;| || |;0.0;| || |;0.0
558;0.0006;| || |;0.0;| || |;0.0
559;0.0006;| || |;0.0;| || |;0.0
560;0.0006;| || |;0.0;| || |;0.0
561;0.0006;| || |;0.0;| || |;0.0
562;0.0006;| || |;0.0;| || |;0.0
563;0.0006;| || |;0.0;| || |;0.0
564;0.0003;| || |;-0.0003;| || |;-1.7999999999999997e-07
565;0.0006;| || |;0.0003;| || |;8.999999999999999e-08
566;0.0006;| || |;0.0;| || |;0.0
567;0.0006;| || |;0.0;| || |;0.0
568;0.0006;| || |;0.0;| || |;0.0
569;0.0006;| || |;0.0;| || |;0.0
570;0.0006;| || |;0.0;| || |;0.0
571;0.0006;| || |;0.0;| || |;0.0
572;0.0006;| || |;0.0;| || |;0.0
573;0.0006;| || |;0.0;| || |;0.0
574;0.0009;| || |;0.00030000000000000003;| || |;1.8e-07
575;0.0006;| || |;-0.00030000000000000003;| || |;-2.7e-07
576;0.0006;| || |;0.0;| || |;0.0
577;0.0006;| || |;0.0;| || |;0.0
578;0.0006;| || |;0.0;| || |;0.0
579;0.0009;| || |;0.00030000000000000003;| || |;1.8e-07
580;0.0006;| || |;-0.00030000000000000003;| || |;-2.7e-07
581;0.0006;| || |;0.0;| || |;0.0
582;0.0009;| || |;0.00030000000000000003;| || |;1.8e-07
583;0.0006;| || |;-0.00030000000000000003;| || |;-2.7e-07
584;0.0003;| || |;-0.0003;| || |;-1.7999999999999997e-07
585;0.0003;| || |;0.0;| || |;0.0
586;0.0006;| || |;0.0003;| || |;8.999999999999999e-08
587;0.0006;| || |;0.0;| || |;0.0
588;0.0006;| || |;0.0;| || |;0.0
589;0.0006;| || |;0.0;| || |;0.0
590;0.0006;| || |;0.0;| || |;0.0
591;0.0006;| || |;0.0;| || |;0.0
592;0.0006;| || |;0.0;| || |;0.0
593;0.0003;| || |;-0.0003;| || |;-1.7999999999999997e-07
594;0.0006;| || |;0.0003;| || |;8.999999999999999e-08
595;0.0006;| || |;0.0;| || |;0.0
596;0.0006;| || |;0.0;| || |;0.0
597;0.0006;| || |;0.0;| || |;0.0
598;0.0006;| || |;0.0;| || |;0.0
599;0.0006;| || |;0.0;| || |;0.0
600;0.0009;| || |;0.00030000000000000003;| || |;1.8e-07
601;0.0009;| || |;0.0;| || |;0.0
602;0.0009;| || |;0.0;| || |;0.0
603;0.0009;| || |;0.0;| || |;0.0
604;0.0009;| || |;0.0;| || |;0.0
605;0.0009;| || |;0.0;| || |;0.0
606;0.0012;| || |;0.0002999999999999999;| || |;2.699999999999999e-07
607;0.0009;| || |;-0.0002999999999999999;| || |;-3.599999999999999e-07
608;0.0006;| || |;-0.00030000000000000003;| || |;-2.7e-07
609;0.0009;| || |;0.00030000000000000003;| || |;1.8e-07
610;0.0009;| || |;0.0;| || |;0.0
611;0.0009;| || |;0.0;| || |;0.0
612;0.0009;| || |;0.0;| || |;0.0
613;0.0009;| || |;0.0;| || |;0.0
614;0.0009;| || |;0.0;| || |;0.0
615;0.0009;| || |;0.0;| || |;0.0
616;0.0009;| || |;0.0;| || |;0.0
617;0.0012;| || |;0.0002999999999999999;| || |;2.699999999999999e-07
618;0.0012;| || |;0.0;| || |;0.0
619;0.0009;| || |;-0.0002999999999999999;| || |;-3.599999999999999e-07
620;0.0012;| || |;0.0002999999999999999;| || |;2.699999999999999e-07
621;0.0009;| || |;-0.0002999999999999999;| || |;-3.599999999999999e-07
622;0.0009;| || |;0.0;| || |;0.0
623;0.0009;| || |;0.0;| || |;0.0
624;0.0009;| || |;0.0;| || |;0.0
625;0.0009;| || |;0.0;| || |;0.0
626;0.0009;| || |;0.0;| || |;0.0
627;0.0012;| || |;0.0002999999999999999;| || |;2.699999999999999e-07
628;0.0012;| || |;0.0;| || |;0.0
629;0.0012;| || |;0.0;| || |;0.0
630;0.0012;| || |;0.0;| || |;0.0
631;0.0012;| || |;0.0;| || |;0.0
632;0.0012;| || |;0.0;| || |;0.0
633;0.0012;| || |;0.0;| || |;0.0
634;0.0012;| || |;0.0;| || |;0.0
635;0.0015;| || |;0.00030000000000000014;| || |;3.6000000000000015e-07
636;0.0025;| || |;0.001;| || |;1.5e-06
637;0.0031;| || |;0.0005999999999999998;| || |;1.4999999999999996e-06
638;0.0122;| || |;0.0091;| || |;2.821e-05
639;0.0922;| || |;0.08;| || |;0.0009760000000000001
640;0.2289;| || |;0.1367;| || |;0.012603739999999999
641;0.3155;| || |;0.08660000000000001;| || |;0.019822740000000002
642;0.3226;| || |;0.007099999999999995;| || |;0.0022400499999999986
643;0.2835;| || |;-0.039100000000000024;| || |;-0.012613660000000007
644;0.2374;| || |;-0.046099999999999974;| || |;-0.013069349999999992
645;0.202;| || |;-0.03539999999999999;| || |;-0.008403959999999997
646;0.1804;| || |;-0.021600000000000008;| || |;-0.004363200000000002
647;0.1703;| || |;-0.010099999999999998;| || |;-0.0018220399999999996
648;0.1594;| || |;-0.01090000000000002;| || |;-0.0018562700000000036
649;0.1476;| || |;-0.011799999999999977;| || |;-0.0018809199999999962
650;0.139;| || |;-0.008599999999999997;| || |;-0.0012693599999999995
651;0.1356;| || |;-0.003400000000000014;| || |;-0.000472600000000002
652;0.1322;| || |;-0.0033999999999999864;| || |;-0.0004610399999999981
653;0.1305;| || |;-0.001700000000000007;| || |;-0.00022474000000000094
654;0.1305;| || |;0.0;| || |;0.0
655;0.131;| || |;0.0005000000000000004;| || |;6.525000000000005e-05
656;0.1301;| || |;-0.0009000000000000119;| || |;-0.00011790000000000156
657;0.131;| || |;0.0009000000000000119;| || |;0.00011709000000000154
658;0.131;| || |;0.0;| || |;0.0
659;0.1314;| || |;0.0003999999999999837;| || |;5.2399999999997865e-05
660;0.1314;| || |;0.0;| || |;0.0
661;0.1314;| || |;0.0;| || |;0.0
662;0.1326;| || |;0.0012000000000000066;| || |;0.00015768000000000086
663;0.1326;| || |;0.0;| || |;0.0
664;0.133;| || |;0.00040000000000001146;| || |;5.304000000000152e-05
665;0.1347;| || |;0.0016999999999999793;| || |;0.00022609999999999726
666;0.1339;| || |;-0.0007999999999999952;| || |;-0.00010775999999999933
667;0.1339;| || |;0.0;| || |;0.0
668;0.1339;| || |;0.0;| || |;0.0
669;0.1339;| || |;0.0;| || |;0.0
670;0.1343;| || |;0.00040000000000001146;| || |;5.3560000000001534e-05
671;0.1351;| || |;0.0007999999999999952;| || |;0.00010743999999999935
672;0.1347;| || |;-0.00040000000000001146;| || |;-5.404000000000155e-05
673;0.1339;| || |;-0.0007999999999999952;| || |;-0.00010775999999999933
674;0.1347;| || |;0.0007999999999999952;| || |;0.00010711999999999934
675;0.1356;| || |;0.0009000000000000119;| || |;0.00012123000000000159
676;0.1356;| || |;0.0;| || |;0.0
677;0.1351;| || |;-0.0005000000000000004;| || |;-6.780000000000006e-05
678;0.1343;| || |;-0.0007999999999999952;| || |;-0.00010807999999999934
679;0.1343;| || |;0.0;| || |;0.0
680;0.1356;| || |;0.0012999999999999956;| || |;0.00017458999999999942
681;0.136;| || |;0.00040000000000001146;| || |;5.4240000000001554e-05
682;0.1373;| || |;0.0012999999999999956;| || |;0.00017679999999999942
683;0.1394;| || |;0.0020999999999999908;| || |;0.00028832999999999875
684;0.1493;| || |;0.009899999999999992;| || |;0.001380059999999999
685;0.1809;| || |;0.03160000000000002;| || |;0.004717880000000002
686;0.2835;| || |;0.10259999999999997;| || |;0.018560339999999995
687;0.443;| || |;0.15950000000000003;| || |;0.04521825
688;0.5693;| || |;0.12630000000000002;| || |;0.05595090000000001
689;0.6295;| || |;0.06019999999999992;| || |;0.03427185999999996
690;0.658;| || |;0.02850000000000008;| || |;0.01794075000000005
691;0.6738;| || |;0.015799999999999925;| || |;0.010396399999999952
692;0.6811;| || |;0.007300000000000084;| || |;0.004918740000000057
693;0.6811;| || |;0.0;| || |;0.0
694;0.6752;| || |;-0.005900000000000016;| || |;-0.004018490000000012
695;0.6709;| || |;-0.0042999999999999705;| || |;-0.0029033599999999803
696;0.6694;| || |;-0.0015000000000000568;| || |;-0.0010063500000000382
697;0.6694;| || |;0.0;| || |;0.0
698;0.6709;| || |;0.0015000000000000568;| || |;0.0010041000000000381
699;0.6752;| || |;0.0042999999999999705;| || |;0.0028848699999999804
700;0.6811;| || |;0.005900000000000016;| || |;0.003983680000000011
701;0.6886;| || |;0.007499999999999951;| || |;0.005108249999999967
702;0.6977;| || |;0.009099999999999997;| || |;0.0062662599999999975
703;0.7087;| || |;0.01100000000000001;| || |;0.0076747000000000065
704;0.7182;| || |;0.009499999999999953;| || |;0.006732649999999967
705;0.7264;| || |;0.008200000000000096;| || |;0.005889240000000069
706;0.7264;| || |;0.0;| || |;0.0
707;0.7182;| || |;-0.008200000000000096;| || |;-0.00595648000000007
708;0.6709;| || |;-0.0472999999999999;| || |;-0.03397085999999992
709;0.5763;| || |;-0.09460000000000002;| || |;-0.06346714000000002
710;0.4777;| || |;-0.09860000000000002;| || |;-0.056823180000000015
711;0.3936;| || |;-0.08410000000000001;| || |;-0.04017457000000001
712;0.3324;| || |;-0.06120000000000003;| || |;-0.024088320000000014
713;0.2876;| || |;-0.04479999999999995;| || |;-0.014891519999999983
714;0.2542;| || |;-0.03340000000000004;| || |;-0.009605840000000013
715;0.2294;| || |;-0.02479999999999999;| || |;-0.006304159999999997
716;0.212;| || |;-0.0174;| || |;-0.00399156
717;0.1986;| || |;-0.013399999999999995;| || |;-0.002840799999999999
718;0.1885;| || |;-0.010099999999999998;| || |;-0.0020058599999999995
719;0.1795;| || |;-0.009000000000000008;| || |;-0.0016965000000000016
720;0.1703;| || |;-0.009199999999999986;| || |;-0.0016513999999999973
721;0.1612;| || |;-0.009099999999999997;| || |;-0.0015497299999999996
722;0.1528;| || |;-0.008400000000000019;| || |;-0.0013540800000000032
723;0.145;| || |;-0.007800000000000001;| || |;-0.0011918400000000002
724;0.1394;| || |;-0.005599999999999994;| || |;-0.000811999999999999
725;0.136;| || |;-0.0033999999999999864;| || |;-0.0004739599999999981
726;0.1339;| || |;-0.0021000000000000185;| || |;-0.00028560000000000255
727;0.1318;| || |;-0.0020999999999999908;| || |;-0.00028118999999999876
728;0.1293;| || |;-0.0025000000000000022;| || |;-0.0003295000000000003
729;0.1268;| || |;-0.0025000000000000022;| || |;-0.0003232500000000003
730;0.1243;| || |;-0.0025000000000000022;| || |;-0.0003170000000000003
731;0.1219;| || |;-0.0023999999999999994;| || |;-0.0002983199999999999
732;0.1276;| || |;0.005699999999999997;| || |;0.0006948299999999996
733;0.1463;| || |;0.018700000000000022;| || |;0.002386120000000003
734;0.1617;| || |;0.015399999999999997;| || |;0.0022530199999999997
735;0.1528;| || |;-0.008900000000000019;| || |;-0.001439130000000003
736;0.155;| || |;0.0022000000000000075;| || |;0.00033616000000000115
737;0.1493;| || |;-0.005700000000000011;| || |;-0.0008835000000000017
738;0.1381;| || |;-0.011199999999999988;| || |;-0.001672159999999998
739;0.1206;| || |;-0.0175;| || |;-0.00241675
740;0.1007;| || |;-0.0199;| || |;-0.00239994
741;0.0805;| || |;-0.020199999999999996;| || |;-0.0020341399999999994
742;0.0613;| || |;-0.019200000000000002;| || |;-0.0015456000000000003
743;0.0459;| || |;-0.015399999999999997;| || |;-0.0009440199999999998
744;0.034;| || |;-0.0119;| || |;-0.0005462100000000001
745;0.0268;| || |;-0.0072000000000000015;| || |;-0.0002448000000000001
746;0.0212;| || |;-0.005600000000000001;| || |;-0.00015008000000000003
747;0.0177;| || |;-0.0034999999999999996;| || |;-7.419999999999999e-05
748;0.0154;| || |;-0.0023;| || |;-4.071e-05
749;0.0135;| || |;-0.0019000000000000006;| || |;-2.926000000000001e-05
750;0.0122;| || |;-0.001299999999999999;| || |;-1.7549999999999986e-05
751;0.0106;| || |;-0.0016000000000000007;| || |;-1.952000000000001e-05
752;0.01;| || |;-0.0005999999999999998;| || |;-6.359999999999998e-06
753;0.0091;| || |;-0.0008999999999999998;| || |;-8.999999999999999e-06
754;0.0078;| || |;-0.0013000000000000008;| || |;-1.1830000000000009e-05
755;0.0075;| || |;-0.0002999999999999999;| || |;-2.339999999999999e-06
756;0.0068;| || |;-0.0007000000000000001;| || |;-5.2500000000000006e-06
757;0.0065;| || |;-0.0002999999999999999;| || |;-2.0399999999999995e-06
758;0.0059;| || |;-0.0005999999999999998;| || |;-3.899999999999999e-06
759;0.0053;| || |;-0.0005999999999999998;| || |;-3.539999999999999e-06
760;0.0047;| || |;-0.0005999999999999998;| || |;-3.179999999999999e-06
761;0.0043;| || |;-0.0004000000000000002;| || |;-1.8800000000000008e-06
762;0.004;| || |;-0.0002999999999999999;| || |;-1.2899999999999997e-06
763;0.0034;| || |;-0.0006000000000000003;| || |;-2.400000000000001e-06
764;0.0031;| || |;-0.0002999999999999999;| || |;-1.0199999999999998e-06
765;0.0028;| || |;-0.0002999999999999999;| || |;-9.299999999999997e-07
766;0.0025;| || |;-0.0002999999999999999;| || |;-8.399999999999998e-07
767;0.0025;| || |;0.0;| || |;0.0
768;0.0019;| || |;-0.0006000000000000001;| || |;-1.5000000000000002e-06
769;0.0019;| || |;0.0;| || |;0.0
770;0.0015;| || |;-0.00039999999999999996;| || |;-7.599999999999999e-07
771;0.0019;| || |;0.00039999999999999996;| || |;6e-07
772;0.0015;| || |;-0.00039999999999999996;| || |;-7.599999999999999e-07
773;0.0012;| || |;-0.00030000000000000014;| || |;-4.500000000000002e-07
774;0.0012;| || |;0.0;| || |;0.0
775;0.0012;| || |;0.0;| || |;0.0
776;0.0012;| || |;0.0;| || |;0.0
777;0.0009;| || |;-0.0002999999999999999;| || |;-3.599999999999999e-07
778;0.0012;| || |;0.0002999999999999999;| || |;2.699999999999999e-07
779;0.0009;| || |;-0.0002999999999999999;| || |;-3.599999999999999e-07
780;0.0009;| || |;0.0;| || |;0.0
781;0.0009;| || |;0.0;| || |;0.0
782;0.0009;| || |;0.0;| || |;0.0
783;0.0009;| || |;0.0;| || |;0.0
784;0.0009;| || |;0.0;| || |;0.0
785;0.0009;| || |;0.0;| || |;0.0
786;0.0009;| || |;0.0;| || |;0.0
787;0.0006;| || |;-0.00030000000000000003;| || |;-2.7e-07
788;0.0009;| || |;0.00030000000000000003;| || |;1.8e-07
789;0.0009;| || |;0.0;| || |;0.0
790;0.0006;| || |;-0.00030000000000000003;| || |;-2.7e-07
791;0.0006;| || |;0.0;| || |;0.0
792;0.0009;| || |;0.00030000000000000003;| || |;1.8e-07
793;0.0006;| || |;-0.00030000000000000003;| || |;-2.7e-07
794;0.0006;| || |;0.0;| || |;0.0
795;0.0006;| || |;0.0;| || |;0.0
796;0.0003;| || |;-0.0003;| || |;-1.7999999999999997e-07
797;0.0003;| || |;0.0;| || |;0.0
798;0.0009;| || |;0.0006000000000000001;| || |;1.8e-07
799;0.0009;| || |;0.0;| || |;0.0
800;0.0009;| || |;0.0;| || |;0.0
801;0.0009;| || |;0.0;| || |;0.0
802;0.0009;| || |;0.0;| || |;0.0
803;0.0009;| || |;0.0;| || |;0.0
804;0.0006;| || |;-0.00030000000000000003;| || |;-2.7e-07
805;0.0009;| || |;0.00030000000000000003;| || |;1.8e-07
806;0.0006;| || |;-0.00030000000000000003;| || |;-2.7e-07
807;0.0006;| || |;0.0;| || |;0.0
808;0.0006;| || |;0.0;| || |;0.0
809;0.0006;| || |;0.0;| || |;0.0
810;0.0009;| || |;0.00030000000000000003;| || |;1.8e-07
811;0.0009;| || |;0.0;| || |;0.0
812;0.0009;| || |;0.0;| || |;0.0
813;0.0009;| || |;0.0;| || |;0.0
814;0.0009;| || |;0.0;| || |;0.0
815;0.0006;| || |;-0.00030000000000000003;| || |;-2.7e-07
816;0.0009;| || |;0.00030000000000000003;| || |;1.8e-07
817;0.0012;| || |;0.0002999999999999999;| || |;2.699999999999999e-07
818;0.0012;| || |;0.0;| || |;0.0
819;0.0012;| || |;0.0;| || |;0.0
820;0.0012;| || |;0.0;| || |;0.0
821;0.0009;| || |;-0.0002999999999999999;| || |;-3.599999999999999e-07
822;0.0012;| || |;0.0002999999999999999;| || |;2.699999999999999e-07
823;0.0009;| || |;-0.0002999999999999999;| || |;-3.599999999999999e-07
824;0.0009;| || |;0.0;| || |;0.0
825;0.0009;| || |;0.0;| || |;0.0
826;0.0009;| || |;0.0;| || |;0.0
827;0.0009;| || |;0.0;| || |;0.0
828;0.0009;| || |;0.0;| || |;0.0
829;0.0012;| || |;0.0002999999999999999;| || |;2.699999999999999e-07
830;0.0012;| || |;0.0;| || |;0.0
831;0.0009;| || |;-0.0002999999999999999;| || |;-3.599999999999999e-07
832;0.0012;| || |;0.0002999999999999999;| || |;2.699999999999999e-07
833;0.0009;| || |;-0.0002999999999999999;| || |;-3.599999999999999e-07
834;0.0009;| || |;0.0;| || |;0.0
835;0.0009;| || |;0.0;| || |;0.0
836;0.0009;| || |;0.0;| || |;0.0
837;0.0009;| || |;0.0;| || |;0.0
838;0.0009;| || |;0.0;| || |;0.0
839;0.0009;| || |;0.0;| || |;0.0
840;0.0009;| || |;0.0;| || |;0.0
841;0.0012;| || |;0.0002999999999999999;| || |;2.699999999999999e-07
842;0.0012;| || |;0.0;| || |;0.0
843;0.0009;| || |;-0.0002999999999999999;| || |;-3.599999999999999e-07
844;0.0009;| || |;0.0;| || |;0.0
845;0.0012;| || |;0.0002999999999999999;| || |;2.699999999999999e-07
846;0.0012;| || |;0.0;| || |;0.0
847;0.0012;| || |;0.0;| || |;0.0
848;0.0012;| || |;0.0;| || |;0.0
849;0.0012;| || |;0.0;| || |;0.0
850;0.0012;| || |;0.0;| || |;0.0
851;0.0012;| || |;0.0;| || |;0.0
852;0.0015;| || |;0.00030000000000000014;| || |;3.6000000000000015e-07
853;0.0012;| || |;-0.00030000000000000014;| || |;-4.500000000000002e-07
854;0.0012;| || |;0.0;| || |;0.0
855;0.0009;| || |;-0.0002999999999999999;| || |;-3.599999999999999e-07
856;0.0012;| || |;0.0002999999999999999;| || |;2.699999999999999e-07
857;0.0012;| || |;0.0;| || |;0.0
858;0.0009;| || |;-0.0002999999999999999;| || |;-3.599999999999999e-07
859;0.0009;| || |;0.0;| || |;0.0
860;0.0012;| || |;0.0002999999999999999;| || |;2.699999999999999e-07
861;0.0012;| || |;0.0;| || |;0.0
862;0.0012;| || |;0.0;| || |;0.0
863;0.0012;| || |;0.0;| || |;0.0
864;0.0009;| || |;-0.0002999999999999999;| || |;-3.599999999999999e-07
865;0.0012;| || |;0.0002999999999999999;| || |;2.699999999999999e-07
866;0.0012;| || |;0.0;| || |;0.0
867;0.0012;| || |;0.0;| || |;0.0
868;0.0012;| || |;0.0;| || |;0.0
869;0.0012;| || |;0.0;| || |;0.0
870;0.0012;| || |;0.0;| || |;0.0
871;0.0009;| || |;-0.0002999999999999999;| || |;-3.599999999999999e-07
872;0.0009;| || |;0.0;| || |;0.0
873;0.0009;| || |;0.0;| || |;0.0
874;0.0012;| || |;0.0002999999999999999;| || |;2.699999999999999e-07
875;0.0012;| || |;0.0;| || |;0.0
876;0.0012;| || |;0.0;| || |;0.0
877;0.0012;| || |;0.0;| || |;0.0
878;0.0012;| || |;0.0;| || |;0.0
879;0.0012;| || |;0.0;| || |;0.0
880;0.0006;| || |;-0.0006;| || |;-7.199999999999999e-07
881;0.0009;| || |;0.00030000000000000003;| || |;1.8e-07
882;0.0012;| || |;0.0002999999999999999;| || |;2.699999999999999e-07
883;0.0015;| || |;0.00030000000000000014;| || |;3.6000000000000015e-07
884;0.0012;| || |;-0.00030000000000000014;| || |;-4.500000000000002e-07
885;0.0012;| || |;0.0;| || |;0.0
886;0.0012;| || |;0.0;| || |;0.0
887;0.0012;| || |;0.0;| || |;0.0
888;0.0012;| || |;0.0;| || |;0.0
889;0.0012;| || |;0.0;| || |;0.0
890;0.0012;| || |;0.0;| || |;0.0
891;0.0015;| || |;0.00030000000000000014;| || |;3.6000000000000015e-07
892;0.0012;| || |;-0.00030000000000000014;| || |;-4.500000000000002e-07
893;0.0012;| || |;0.0;| || |;0.0
894;0.0012;| || |;0.0;| || |;0.0
895;0.0015;| || |;0.00030000000000000014;| || |;3.6000000000000015e-07
896;0.0015;| || |;0.0;| || |;0.0
897;0.0015;| || |;0.0;| || |;0.0
898;0.0015;| || |;0.0;| || |;0.0
899;0.0015;| || |;0.0;| || |;0.0
900;0.0012;| || |;-0.00030000000000000014;| || |;-4.500000000000002e-07
901;0.0012;| || |;0.0;| || |;0.0
902;0.0012;| || |;0.0;| || |;0.0
903;0.0012;| || |;0.0;| || |;0.0
904;0.0012;| || |;0.0;| || |;0.0
905;0.0015;| || |;0.00030000000000000014;| || |;3.6000000000000015e-07
906;0.0015;| || |;0.0;| || |;0.0
907;0.0012;| || |;-0.00030000000000000014;| || |;-4.500000000000002e-07
908;0.0012;| || |;0.0;| || |;0.0
909;0.0012;| || |;0.0;| || |;0.0
910;0.0009;| || |;-0.0002999999999999999;| || |;-3.599999999999999e-07
911;0.0009;| || |;0.0;| || |;0.0
912;0.0012;| || |;0.0002999999999999999;| || |;2.699999999999999e-07
913;0.0012;| || |;0.0;| || |;0.0
914;0.0012;| || |;0.0;| || |;0.0
915;0.0012;| || |;0.0;| || |;0.0
916;0.0015;| || |;0.00030000000000000014;| || |;3.6000000000000015e-07
917;0.0012;| || |;-0.00030000000000000014;| || |;-4.500000000000002e-07
918;0.0012;| || |;0.0;| || |;0.0
919;0.0012;| || |;0.0;| || |;0.0
920;0.0012;| || |;0.0;| || |;0.0
921;0.0012;| || |;0.0;| || |;0.0
922;0.0012;| || |;0.0;| || |;0.0
923;0.0012;| || |;0.0;| || |;0.0
924;0.0012;| || |;0.0;| || |;0.0
925;0.0012;| || |;0.0;| || |;0.0
926;0.0015;| || |;0.00030000000000000014;| || |;3.6000000000000015e-07
927;0.0015;| || |;0.0;| || |;0.0
928;0.0015;| || |;0.0;| || |;0.0
929;0.0012;| || |;-0.00030000000000000014;| || |;-4.500000000000002e-07
930;0.0015;| || |;0.00030000000000000014;| || |;3.6000000000000015e-07
931;0.0015;| || |;0.0;| || |;0.0
932;0.0012;| || |;-0.00030000000000000014;| || |;-4.500000000000002e-07
933;0.0015;| || |;0.00030000000000000014;| || |;3.6000000000000015e-07
934;0.0012;| || |;-0.00030000000000000014;| || |;-4.500000000000002e-07
935;0.0015;| || |;0.00030000000000000014;| || |;3.6000000000000015e-07
936;0.0012;| || |;-0.00030000000000000014;| || |;-4.500000000000002e-07
937;0.0015;| || |;0.00030000000000000014;| || |;3.6000000000000015e-07
938;0.0012;| || |;-0.00030000000000000014;| || |;-4.500000000000002e-07
939;0.0012;| || |;0.0;| || |;0.0
940;0.0015;| || |;0.00030000000000000014;| || |;3.6000000000000015e-07
941;0.0015;| || |;0.0;| || |;0.0
942;0.0012;| || |;-0.00030000000000000014;| || |;-4.500000000000002e-07
943;0.0015;| || |;0.00030000000000000014;| || |;3.6000000000000015e-07
944;0.0015;| || |;0.0;| || |;0.0
945;0.0015;| || |;0.0;| || |;0.0
946;0.0015;| || |;0.0;| || |;0.0
947;0.0015;| || |;0.0;| || |;0.0
948;0.0015;| || |;0.0;| || |;0.0
949;0.0015;| || |;0.0;| || |;0.0
950;0.0012;| || |;-0.00030000000000000014;| || |;-4.500000000000002e-07
951;0.0012;| || |;0.0;| || |;0.0
952;0.0015;| || |;0.00030000000000000014;| || |;3.6000000000000015e-07
953;0.0012;| || |;-0.00030000000000000014;| || |;-4.500000000000002e-07
954;0.0012;| || |;0.0;| || |;0.0
955;0.0012;| || |;0.0;| || |;0.0
956;0.0012;| || |;0.0;| || |;0.0
957;0.0012;| || |;0.0;| || |;0.0
958;0.0012;| || |;0.0;| || |;0.0
959;0.0012;| || |;0.0;| || |;0.0
960;0.0012;| || |;0.0;| || |;0.0
961;0.0012;| || |;0.0;| || |;0.0
962;0.0015;| || |;0.00030000000000000014;| || |;3.6000000000000015e-07
963;0.0012;| || |;-0.00030000000000000014;| || |;-4.500000000000002e-07
964;0.0015;| || |;0.00030000000000000014;| || |;3.6000000000000015e-07
965;0.0012;| || |;-0.00030000000000000014;| || |;-4.500000000000002e-07
966;0.0015;| || |;0.00030000000000000014;| || |;3.6000000000000015e-07
967;0.0012;| || |;-0.00030000000000000014;| || |;-4.500000000000002e-07
968;0.0012;| || |;0.0;| || |;0.0
969;0.0015;| || |;0.00030000000000000014;| || |;3.6000000000000015e-07
970;0.0015;| || |;0.0;| || |;0.0
971;0.0015;| || |;0.0;| || |;0.0
972;0.0012;| || |;-0.00030000000000000014;| || |;-4.500000000000002e-07
973;0.0012;| || |;0.0;| || |;0.0
974;0.0009;| || |;-0.0002999999999999999;| || |;-3.599999999999999e-07
975;0.0012;| || |;0.0002999999999999999;| || |;2.699999999999999e-07
976;0.0012;| || |;0.0;| || |;0.0
977;0.0015;| || |;0.00030000000000000014;| || |;3.6000000000000015e-07
978;0.0012;| || |;-0.00030000000000000014;| || |;-4.500000000000002e-07
979;0.0015;| || |;0.00030000000000000014;| || |;3.6000000000000015e-07
980;0.0012;| || |;-0.00030000000000000014;| || |;-4.500000000000002e-07
981;0.0012;| || |;0.0;| || |;0.0
982;0.0015;| || |;0.00030000000000000014;| || |;3.6000000000000015e-07
983;0.0015;| || |;0.0;| || |;0.0
984;0.0015;| || |;0.0;| || |;0.0
985;0.0015;| || |;0.0;| || |;0.0
986;0.0015;| || |;0.0;| || |;0.0
987;0.0012;| || |;-0.00030000000000000014;| || |;-4.500000000000002e-07
988;0.0012;| || |;0.0;| || |;0.0
989;0.0012;| || |;0.0;| || |;0.0
990;0.0012;| || |;0.0;| || |;0.0
991;0.0012;| || |;0.0;| || |;0.0
992;0.0015;| || |;0.00030000000000000014;| || |;3.6000000000000015e-07
993;0.0015;| || |;0.0;| || |;0.0
994;0.0015;| || |;0.0;| || |;0.0
995;0.0019;| || |;0.00039999999999999996;| || |;6e-07
996;0.0012;| || |;-0.0007000000000000001;| || |;-1.3300000000000002e-06
997;0.0015;| || |;0.00030000000000000014;| || |;3.6000000000000015e-07
998;0.0012;| || |;-0.00030000000000000014;| || |;-4.500000000000002e-07
999;0.0012;| || |;0.0;| || |;0.0
1000;0.0012;| || |;0.0;| || |;0.0
1001;0.0012;| || |;0.0;| || |;0.0
1002;0.0015;| || |;0.00030000000000000014;| || |;3.6000000000000015e-07
1003;0.0012;| || |;-0.00030000000000000014;| || |;-4.500000000000002e-07
1004;0.0009;| || |;-0.0002999999999999999;| || |;-3.599999999999999e-07
1005;0.0012;| || |;0.0002999999999999999;| || |;2.699999999999999e-07
1006;0.0012;| || |;0.0;| || |;0.0
1007;0.0012;| || |;0.0;| || |;0.0
1008;0.0012;| || |;0.0;| || |;0.0
1009;0.0012;| || |;0.0;| || |;0.0
1010;0.0015;| || |;0.00030000000000000014;| || |;3.6000000000000015e-07
1011;0.0012;| || |;-0.00030000000000000014;| || |;-4.500000000000002e-07
1012;0.0015;| || |;0.00030000000000000014;| || |;3.6000000000000015e-07
1013;0.0015;| || |;0.0;| || |;0.0
1014;0.0012;| || |;-0.00030000000000000014;| || |;-4.500000000000002e-07
1015;0.0012;| || |;0.0;| || |;0.0
1016;0.0012;| || |;0.0;| || |;0.0
1017;0.0012;| || |;0.0;| || |;0.0
1018;0.0015;| || |;0.00030000000000000014;| || |;3.6000000000000015e-07
1019;0.0015;| || |;0.0;| || |;0.0
1020;0.0015;| || |;0.0;| || |;0.0
1021;0.0012;| || |;-0.00030000000000000014;| || |;-4.500000000000002e-07
1022;0.0012;| || |;0.0;| || |;0.0
1023;0.0012;| || |;0.0;| || |;0.0
1024;0.0012;| || |;0.0;| || |;0.0
1025;0.0009;| || |;-0.0002999999999999999;| || |;-3.599999999999999e-07
1026;0.0012;| || |;0.0002999999999999999;| || |;2.699999999999999e-07
1027;0.0009;| || |;-0.0002999999999999999;| || |;-3.599999999999999e-07
1028;0.0012;| || |;0.0002999999999999999;| || |;2.699999999999999e-07
1029;0.0012;| || |;0.0;| || |;0.0
1030;0.0012;| || |;0.0;| || |;0.0
1031;0.0012;| || |;0.0;| || |;0.0
1032;0.0015;| || |;0.00030000000000000014;| || |;3.6000000000000015e-07
1033;0.0015;| || |;0.0;| || |;0.0
1034;0.0019;| || |;0.00039999999999999996;| || |;6e-07
1035;0.0015;| || |;-0.00039999999999999996;| || |;-7.599999999999999e-07
1036;0.0019;| || |;0.00039999999999999996;| || |;6e-07
1037;0.0015;| || |;-0.00039999999999999996;| || |;-7.599999999999999e-07
1038;0.0019;| || |;0.00039999999999999996;| || |;6e-07
1039;0.0019;| || |;0.0;| || |;0.0
1040;0.0019;| || |;0.0;| || |;0.0
1041;0.0019;| || |;0.0;| || |;0.0
1042;0.0019;| || |;0.0;| || |;0.0
1043;0.0019;| || |;0.0;| || |;0.0
1044;0.0019;| || |;0.0;| || |;0.0
1045;0.0019;| || |;0.0;| || |;0.0
1046;0.0019;| || |;0.0;| || |;0.0
1047;0.0015;| || |;-0.00039999999999999996;| || |;-7.599999999999999e-07
1048;0.0019;| || |;0.00039999999999999996;| || |;6e-07
1049;0.0019;| || |;0.0;| || |;0.0
1050;0.0019;| || |;0.0;| || |;0.0
1051;0.0022;| || |;0.00030000000000000014;| || |;5.700000000000003e-07
1052;0.0025;| || |;0.0002999999999999999;| || |;6.599999999999998e-07
1053;0.0031;| || |;0.0005999999999999998;| || |;1.4999999999999996e-06
1054;0.005;| || |;0.0019000000000000002;| || |;5.89e-06
1055;0.034;| || |;0.029;| || |;0.000145
1056;0.1524;| || |;0.1184;| || |;0.004025600000000001
1057;0.2465;| || |;0.09409999999999999;| || |;0.014340839999999999
1058;0.311;| || |;0.0645;| || |;0.01589925
1059;0.298;| || |;-0.013000000000000012;| || |;-0.004043000000000003
1060;0.2649;| || |;-0.03309999999999996;| || |;-0.009863799999999989
1061;0.2273;| || |;-0.03760000000000002;| || |;-0.009960240000000007
1062;0.21;| || |;-0.01730000000000001;| || |;-0.003932290000000002
1063;0.1918;| || |;-0.018199999999999994;| || |;-0.0038219999999999986
1064;0.1739;| || |;-0.0179;| || |;-0.00343322
1065;0.1581;| || |;-0.01580000000000001;| || |;-0.0027476200000000014
1066;0.1463;| || |;-0.011799999999999977;| || |;-0.0018655799999999962
1067;0.136;| || |;-0.010300000000000004;| || |;-0.0015068900000000007
1068;0.1314;| || |;-0.004600000000000021;| || |;-0.0006256000000000028
1069;0.1297;| || |;-0.0016999999999999793;| || |;-0.00022337999999999725
1070;0.1305;| || |;0.0007999999999999952;| || |;0.00010375999999999939
1071;0.1305;| || |;0.0;| || |;0.0
1072;0.131;| || |;0.0005000000000000004;| || |;6.525000000000005e-05
1073;0.1318;| || |;0.0007999999999999952;| || |;0.00010479999999999938
1074;0.1314;| || |;-0.00040000000000001146;| || |;-5.272000000000151e-05
1075;0.1314;| || |;0.0;| || |;0.0
1076;0.1318;| || |;0.00040000000000001146;| || |;5.25600000000015e-05
1077;0.1322;| || |;0.00040000000000001146;| || |;5.272000000000151e-05
1078;0.1318;| || |;-0.00040000000000001146;| || |;-5.288000000000152e-05
1079;0.1314;| || |;-0.00040000000000001146;| || |;-5.272000000000151e-05
1080;0.1318;| || |;0.00040000000000001146;| || |;5.25600000000015e-05
1081;0.1322;| || |;0.00040000000000001146;| || |;5.272000000000151e-05
1082;0.1326;| || |;0.0003999999999999837;| || |;5.287999999999785e-05
1083;0.1339;| || |;0.0012999999999999956;| || |;0.0001723799999999994
1084;0.1343;| || |;0.00040000000000001146;| || |;5.3560000000001534e-05
1085;0.1339;| || |;-0.00040000000000001146;| || |;-5.372000000000154e-05
1086;0.1347;| || |;0.0007999999999999952;| || |;0.00010711999999999934
1087;0.1351;| || |;0.00040000000000001146;| || |;5.388000000000154e-05
1088;0.1335;| || |;-0.0015999999999999903;| || |;-0.0002161599999999987
1089;0.1335;| || |;0.0;| || |;0.0
1090;0.1339;| || |;0.0003999999999999837;| || |;5.339999999999783e-05
1091;0.1347;| || |;0.0007999999999999952;| || |;0.00010711999999999934
1092;0.1356;| || |;0.0009000000000000119;| || |;0.00012123000000000159
1093;0.1356;| || |;0.0;| || |;0.0
1094;0.1356;| || |;0.0;| || |;0.0
1095;0.1347;| || |;-0.0009000000000000119;| || |;-0.00012204000000000162
1096;0.1339;| || |;-0.0007999999999999952;| || |;-0.00010775999999999933
1097;0.1347;| || |;0.0007999999999999952;| || |;0.00010711999999999934
1098;0.136;| || |;0.0013000000000000234;| || |;0.00017511000000000314
1099;0.139;| || |;0.0030000000000000027;| || |;0.0004080000000000004
1100;0.1454;| || |;0.006399999999999989;| || |;0.0008895999999999985
1101;0.1698;| || |;0.024400000000000005;| || |;0.003547760000000001
1102;0.2406;| || |;0.0708;| || |;0.01202184
1103;0.3846;| || |;0.144;| || |;0.0346464
1104;0.5216;| || |;0.13699999999999996;| || |;0.052690199999999986
1105;0.6002;| || |;0.0786;| || |;0.04099776
1106;0.6415;| || |;0.0413;| || |;0.02478826
1107;0.6623;| || |;0.02080000000000004;| || |;0.013343200000000026
1108;0.6738;| || |;0.011499999999999955;| || |;0.00761644999999997
1109;0.6796;| || |;0.005800000000000027;| || |;0.003908040000000018
1110;0.6782;| || |;-0.0013999999999999568;| || |;-0.0009514399999999706
1111;0.6738;| || |;-0.0044000000000000705;| || |;-0.0029840800000000478
1112;0.6723;| || |;-0.0014999999999999458;| || |;-0.0010106999999999634
1113;0.6709;| || |;-0.0013999999999999568;| || |;-0.000941219999999971
1114;0.6723;| || |;0.0013999999999999568;| || |;0.0009392599999999711
1115;0.6752;| || |;0.0029000000000000137;| || |;0.0019496700000000092
1116;0.6796;| || |;0.0043999999999999595;| || |;0.0029708799999999726
1117;0.6871;| || |;0.007500000000000062;| || |;0.0050970000000000425
1118;0.6947;| || |;0.00759999999999994;| || |;0.0052219599999999596
1119;0.7055;| || |;0.010800000000000032;| || |;0.0075027600000000215
1120;0.715;| || |;0.009499999999999953;| || |;0.006702249999999967
1121;0.7231;| || |;0.008099999999999996;| || |;0.005791499999999997
1122;0.7231;| || |;0.0;| || |;0.0
1123;0.7134;| || |;-0.009699999999999931;| || |;-0.0070140699999999495
1124;0.6796;| || |;-0.03380000000000005;| || |;-0.024112920000000038
1125;0.599;| || |;-0.0806;| || |;-0.05477576
1126;0.5115;| || |;-0.08750000000000002;| || |;-0.052412500000000015
1127;0.4311;| || |;-0.08039999999999997;| || |;-0.04112459999999998
1128;0.3605;| || |;-0.0706;| || |;-0.030435659999999996
1129;0.3136;| || |;-0.0469;| || |;-0.016907449999999997
1130;0.2793;| || |;-0.0343;| || |;-0.010756479999999999
1131;0.2542;| || |;-0.02510000000000001;| || |;-0.007010430000000003
1132;0.2358;| || |;-0.018399999999999972;| || |;-0.004677279999999993
1133;0.2186;| || |;-0.01720000000000002;| || |;-0.0040557600000000055
1134;0.2035;| || |;-0.015100000000000002;| || |;-0.0033008600000000005
1135;0.1913;| || |;-0.012199999999999989;| || |;-0.0024826999999999974
1136;0.1809;| || |;-0.010399999999999993;| || |;-0.0019895199999999985
1137;0.1707;| || |;-0.010200000000000015;| || |;-0.0018451800000000027
1138;0.1612;| || |;-0.00949999999999998;| || |;-0.0016216499999999966
1139;0.1515;| || |;-0.009700000000000014;| || |;-0.0015636400000000024
1140;0.1445;| || |;-0.007000000000000006;| || |;-0.001060500000000001
1141;0.1394;| || |;-0.005099999999999993;| || |;-0.000736949999999999
1142;0.1356;| || |;-0.003799999999999998;| || |;-0.0005297199999999997
1143;0.133;| || |;-0.002599999999999991;| || |;-0.0003525599999999988
1144;0.1301;| || |;-0.0029000000000000137;| || |;-0.00038570000000000184
1145;0.128;| || |;-0.0020999999999999908;| || |;-0.0002732099999999988
1146;0.1256;| || |;-0.0024000000000000132;| || |;-0.0003072000000000017
1147;0.1235;| || |;-0.0020999999999999908;| || |;-0.00026375999999999884
1148;0.1247;| || |;0.0012000000000000066;| || |;0.0001482000000000008
1149;0.128;| || |;0.0032999999999999974;| || |;0.0004115099999999997
1150;0.1554;| || |;0.027400000000000008;| || |;0.003507200000000001
1151;0.1594;| || |;0.003999999999999976;| || |;0.0006215999999999962
1152;0.1537;| || |;-0.005699999999999983;| || |;-0.0009085799999999972
1153;0.145;| || |;-0.008700000000000013;| || |;-0.001337190000000002
1154;0.1276;| || |;-0.0174;| || |;-0.0025229999999999996
1155;0.113;| || |;-0.014599999999999988;| || |;-0.0018629599999999984
1156;0.0968;| || |;-0.016200000000000006;| || |;-0.0018306000000000008
1157;0.0843;| || |;-0.012499999999999997;| || |;-0.0012099999999999997
1158;0.0674;| || |;-0.0169;| || |;-0.0014246699999999998
1159;0.0532;| || |;-0.014200000000000004;| || |;-0.0009570800000000003
1160;0.0387;| || |;-0.014499999999999999;| || |;-0.0007713999999999999
1161;0.0291;| || |;-0.009599999999999997;| || |;-0.00037151999999999986
1162;0.0232;| || |;-0.0059000000000000025;| || |;-0.00017169000000000009
1163;0.0193;| || |;-0.0038999999999999972;| || |;-9.047999999999993e-05
1164;0.0164;| || |;-0.0029;| || |;-5.597e-05
1165;0.0141;| || |;-0.0023000000000000017;| || |;-3.772000000000003e-05
1166;0.0129;| || |;-0.0011999999999999997;| || |;-1.6919999999999994e-05
1167;0.0116;| || |;-0.0013000000000000008;| || |;-1.677000000000001e-05
1168;0.01;| || |;-0.001599999999999999;| || |;-1.855999999999999e-05
1169;0.0097;| || |;-0.0002999999999999999;| || |;-2.9999999999999992e-06
1170;0.0087;| || |;-0.0010000000000000009;| || |;-9.700000000000009e-06
1171;0.0081;| || |;-0.0005999999999999998;| || |;-5.219999999999998e-06
1172;0.0072;| || |;-0.0008999999999999998;| || |;-7.289999999999998e-06
1173;0.0065;| || |;-0.0007000000000000001;| || |;-5.040000000000001e-06
1174;0.0062;| || |;-0.0002999999999999999;| || |;-1.9499999999999995e-06
1175;0.0059;| || |;-0.0002999999999999999;| || |;-1.8599999999999993e-06
1176;0.0056;| || |;-0.0002999999999999999;| || |;-1.7699999999999996e-06
1177;0.005;| || |;-0.0005999999999999998;| || |;-3.359999999999999e-06
1178;0.005;| || |;0.0;| || |;0.0
1179;0.0043;| || |;-0.0007000000000000001;| || |;-3.5000000000000004e-06
1180;0.004;| || |;-0.0002999999999999999;| || |;-1.2899999999999997e-06
1181;0.0037;| || |;-0.0002999999999999999;| || |;-1.1999999999999997e-06
1182;0.0034;| || |;-0.00030000000000000035;| || |;-1.1100000000000014e-06
1183;0.0028;| || |;-0.0005999999999999998;| || |;-2.0399999999999995e-06
1184;0.0028;| || |;0.0;| || |;0.0
1185;0.0028;| || |;0.0;| || |;0.0
1186;0.0025;| || |;-0.0002999999999999999;| || |;-8.399999999999998e-07
1187;0.0025;| || |;0.0;| || |;0.0
1188;0.0025;| || |;0.0;| || |;0.0
1189;0.0025;| || |;0.0;| || |;0.0
1190;0.0025;| || |;0.0;| || |;0.0
1191;0.0022;| || |;-0.0002999999999999999;| || |;-7.499999999999998e-07
1192;0.0022;| || |;0.0;| || |;0.0
1193;0.0022;| || |;0.0;| || |;0.0
1194;0.0022;| || |;0.0;| || |;0.0
1195;0.0022;| || |;0.0;| || |;0.0
1196;0.0022;| || |;0.0;| || |;0.0
1197;0.0022;| || |;0.0;| || |;0.0
1198;0.0019;| || |;-0.00030000000000000014;| || |;-6.600000000000004e-07
1199;0.0019;| || |;0.0;| || |;0.0
1200;0.0022;| || |;0.00030000000000000014;| || |;5.700000000000003e-07
1201;0.0019;| || |;-0.00030000000000000014;| || |;-6.600000000000004e-07
1202;0.0019;| || |;0.0;| || |;0.0
1203;0.0022;| || |;0.00030000000000000014;| || |;5.700000000000003e-07
1204;0.0022;| || |;0.0;| || |;0.0
1205;0.0022;| || |;0.0;| || |;0.0
1206;0.0022;| || |;0.0;| || |;0.0
1207;0.0019;| || |;-0.00030000000000000014;| || |;-6.600000000000004e-07
1208;0.0019;| || |;0.0;| || |;0.0
1209;0.0025;| || |;0.0006000000000000001;| || |;1.14e-06
1210;0.0025;| || |;0.0;| || |;0.0
1211;0.0022;| || |;-0.0002999999999999999;| || |;-7.499999999999998e-07
1212;0.0022;| || |;0.0;| || |;0.0
1213;0.0022;| || |;0.0;| || |;0.0
1214;0.0028;| || |;0.0005999999999999998;| || |;1.3199999999999996e-06
1215;0.0034;| || |;0.0005999999999999998;| || |;1.6799999999999996e-06
1216;0.0043;| || |;0.0009000000000000002;| || |;3.0600000000000003e-06
1217;0.0053;| || |;0.001;| || |;4.3e-06
1218;0.0059;| || |;0.0005999999999999998;| || |;3.179999999999999e-06
1219;0.0065;| || |;0.0005999999999999998;| || |;3.539999999999999e-06
1220;0.0062;| || |;-0.0002999999999999999;| || |;-1.9499999999999995e-06
1221;0.0056;| || |;-0.0005999999999999998;| || |;-3.7199999999999987e-06
1222;0.005;| || |;-0.0005999999999999998;| || |;-3.359999999999999e-06
1223;0.005;| || |;0.0;| || |;0.0
1224;0.0043;| || |;-0.0007000000000000001;| || |;-3.5000000000000004e-06
1225;0.004;| || |;-0.0002999999999999999;| || |;-1.2899999999999997e-06
1226;0.004;| || |;0.0;| || |;0.0
1227;0.004;| || |;0.0;| || |;0.0
1228;0.0043;| || |;0.0002999999999999999;| || |;1.1999999999999997e-06
1229;0.0043;| || |;0.0;| || |;0.0
1230;0.004;| || |;-0.0002999999999999999;| || |;-1.2899999999999997e-06
